0	1	2	mean_p	var_p	n_snps
118	10	SLC29A3	3.8401405061889503e-75	5.415200656870935e-25	670
156	10	MKI67	4.139562560945655e-66	3.36824440941382e-38	654
168	10	RP11-295P9.13	1.9838518134075349e-56	2.7701804155129978e-21	715
195	10	ACBD7	1.8618763813782507e-56	2.1686203921343e-25	547
199	10	TYSND1	1.7338622442691338e-92	1.2745615643459879e-40	664
19	10	ASB13	2.206074754374117e-57	3.1989293001738266e-30	640
1	10	HMX2	3.072380514180598e-54	1.330246813337554e-28	583
236	10	NEBL	3.229685717383024e-84	1.7293943237681724e-60	623
268	10	SUV39H2	4.213156606090176e-67	3.245381572392864e-13	620
273	10	CUBN	3.8947559914313165e-106	1.9052553109927924e-32	798
274	10	TEX36	2.131140378363855e-75	6.826593555629544e-54	576
280	10	PFKP	8.02999376317697e-65	9.964103809529634e-33	734
283	10	SH2D4B	8.278169101655016e-60	3.119370989469505e-49	545
289	10	AKR1C2	5.578461811001572e-39	1.6139356425605775e-20	631
296	10	NMT2	7.949701921095427e-63	4.488538624783986e-27	575
311	10	SEPHS1	1.8406684520760708e-41	1.7308410956431998e-10	685
332	10	CACNB2	4.76463780348607e-58	1.0029923019823175e-15	640
335	10	NRG3	1.0190425081677295e-134	2.659485749701823e-57	985
349	10	CCDC172	1.5885483883526023e-71	7.355254332634734e-21	523
351	10	FBXO18	4.699324191131624e-51	8.615397126011316e-33	675
360	10	UCN3	1.1182981237090137e-44	1.6397018870255798e-28	597
370	10	HTRA1	4.622652873785984e-48	1.7078819268168105e-27	591
414	10	FAM196A	2.621770545260131e-55	1.9264087370236134e-25	627
423	10	PLEKHA1	1.0534817767495531e-48	7.193582210848376e-28	581
431	10	ITIH5	1.0814300485149284e-47	5.3139482314585727e-20	618
447	10	ADARB2	2.4061183080554377e-104	2.696860033297059e-68	953
489	10	KLF6	1.512148877809069e-70	3.464122843968665e-42	603
57	10	PCBD1	2.364320271749587e-116	2.7075848569668287e-38	623
61	10	PRKG1	2.200866550646296e-203	5.713490536534404e-36	1119
6	10	TRDMT1	4.572610102327263e-81	3.100925908436627e-32	660
83	10	AIFM2	8.1699205871688e-89	1.8837927011331322e-41	691
84	10	PTPRE	1.920982640467714e-87	2.798241606967123e-37	807
103	11	TUB	4.5081048697214786e-73	1.6683986897147425e-32	683
106	11	HSPA8	2.5904219647031268e-62	2.7095787686176662e-42	549
121	11	NXPE4	1.478075225419334e-85	2.2435035960420947e-28	577
130	11	PKNOX2	3.8544758341076676e-42	7.743311209253423e-31	612
136	11	OR2AG2	8.290426350104019e-47	1.2791322790278007e-55	604
140	11	OR56B1	1.0144534133344826e-59	4.681352769668536e-39	778
184	11	HBD	2.2835109995419787e-70	3.1856798495729144e-40	876
213	11	OR52W1	5.854166225907188e-30	4.181305087400306e-18	560
220	11	FZD4	1.2255179634758134e-23	0.0008986607319673408	574
225	11	ELF5	3.612899475813985e-57	1.2868614385395997e-44	620
230	11	NTM	2.2481858035863875e-183	3.6021183427970955e-125	1289
237	11	OR51V1	9.707677680244287e-73	2.4150788600168772e-39	881
240	11	OR51B5	1.416671407475877e-64	1.4660789814801641e-27	873
291	11	OR8B8	4.2215884072456025e-47	2.4415255935192816e-51	531
293	11	OR8B4	4.46708102316696e-48	5.143254613805496e-51	528
318	11	RNF214	2.461045787226821e-50	7.258339260127712e-27	556
339	11	TSPAN18	2.0462330140046893e-80	1.4604144573059518e-50	705
382	11	OR51A4	8.258097674880347e-82	5.6037372832026475e-28	824
397	11	OR52N1	1.6833928273008937e-56	3.4599286549302933e-37	787
3	11	ZBTB16	1.5925423037514324e-72	7.851097048874877e-33	605
407	11	PDHX	3.962167403754283e-87	2.9926291971990584e-52	758
40	11	USP47	2.3364846060086898e-117	4.350908972916785e-68	870
432	11	OR8B3	2.1121578219309263e-52	1.0747360275200409e-51	544
435	11	MICALCL	4.561547799716413e-84	1.4444843564415862e-65	656
439	11	RP11-212D19.4	8.452741356677324e-75	2.3870580054692623e-39	580
453	11	OR56A1	2.778666168535043e-30	3.9519615873268444e-13	619
46	11	OR56A3	1.924049216389676e-43	3.5015439659689327e-25	688
474	11	TRIM68	3.0389869998079034e-71	3.1103383638451806e-31	664
479	11	SRPRA	6.1354939016117975e-56	1.400062413776163e-26	614
47	11	SCN3B	1.0983787917205805e-62	9.200495658910877e-45	624
482	11	GALNT18	2.7679055808890182e-158	9.874075703533525e-93	985
485	11	SHANK2	3.779329509984567e-58	4.112024979355486e-36	682
497	11	TENM4	7.138679212075917e-59	1.4401181668057172e-39	924
54	11	CTD-2010I16.2	2.2489049496740717e-49	5.311318741465568e-56	653
60	11	OR51T1	1.3140604699009314e-73	1.6160557099019664e-21	799
7	11	OR51B4	1.8656324860964797e-61	3.3105492217836005e-27	868
96	11	CD44	1.2280893761419097e-77	1.7139293142954594e-49	666
97	11	DCHS1	1.2224569413508763e-48	1.7783799075167727e-52	623
100	12	PPM1H	8.330852293387408e-43	1.1174691895777349e-08	590
104	12	EID3	1.45886064438365e-70	1.975091292822126e-35	724
107	12	KRT85	3.67797128381156e-70	5.508806518624837e-55	741
114	12	EIF4B	4.047193680486212e-76	5.278652058531599e-32	546
126	12	KRT75	2.3486802983504996e-75	5.654995240350687e-53	750
133	12	KRT82	3.869345190846422e-74	5.952985513649048e-53	748
144	12	KSR2	8.12483668070558e-64	1.7977662160656725e-35	799
145	12	PLXNC1	3.9809227678228266e-70	2.2138313792076982e-26	693
155	12	SLCO1B1	5.22152022395773e-52	2.0755797342176548e-20	581
158	12	PDE3A	8.6668253752591e-20	3.4040855551701963e-08	625
15	12	GALNT8	8.798154168437248e-114	5.950472604772151e-45	753
174	12	CCDC91	2.250849790112846e-31	6.649684517998309e-18	663
185	12	MDM1	1.2588473376607916e-76	3.8423478948151827e-53	574
18	12	DUSP16	1.7752324161339217e-54	3.6709850040578233e-34	541
20	12	KRT86	2.50645320367715e-71	6.762616514788073e-51	761
217	12	NFYB	2.0014936027121593e-56	1.740171449524853e-26	704
22	12	RAD51AP1	3.2470397539850086e-102	1.1497222219181504e-38	643
253	12	ANKS1B	4.27366592585275e-77	8.32126466079958e-50	765
297	12	KRT4	1.250917383016884e-73	1.7118752149694147e-41	677
2	12	ITFG2	1.5919890216742695e-75	1.4398374338121515e-23	617
308	12	FKBP4	1.2514477484655045e-69	8.587391223357014e-22	587
323	12	CCDC60	6.913903678530158e-65	1.7381578241308052e-46	572
337	12	PDZRN4	1.1209783671607595e-94	3.554379172121308e-96	648
338	12	BTBD11	3.1636330160977442e-71	2.800367360799647e-48	571
341	12	ANO4	5.961420581894271e-73	9.65446817368839e-36	626
356	12	CFAP54	6.917645556682501e-47	5.153009628429197e-40	672
361	12	HEBP1	7.305104888259695e-76	4.4594128892689e-51	585
399	12	KRT78	4.377017786974623e-80	8.940184066681067e-41	650
404	12	ALDH1L2	3.000930098844278e-83	1.4648691814009368e-90	712
410	12	TDG	3.6642018406480906e-37	6.612373869376711e-21	581
412	12	NR4A1	1.0169543186985381e-45	1.9340895669453415e-47	581
417	12	SLC2A13	8.715806386940481e-78	1.0235470541535842e-09	532
41	12	TMEM132B	5.47770002789463e-61	9.715007775018665e-32	789
456	12	RP11-545J16.1	1.0307633951267073e-52	3.65656447546437e-25	708
472	12	METAP2	1.609940682611643e-48	5.429793060996137e-11	552
491	12	TMEM132D	6.080119204921196e-158	1.106705153359703e-55	1231
63	12	IPO8	1.6033831527898383e-68	1.3837697842795405e-93	591
81	12	AC055736.1	5.580053589535939e-73	1.904147246273849e-57	744
9	12	NT5DC3	5.395967329107095e-46	2.4124997763860074e-15	567
157	13	SLC15A1	1.2029201885536216e-50	2.341032070841746e-30	646
172	13	TNFRSF19	1.6264176226865556e-74	8.457604474170991e-33	777
182	13	SACS	3.8072101527405756e-54	1.0853514246209194e-31	644
23	13	LMO7	1.080157592425275e-101	5.3390956739519966e-36	674
245	13	FAM155A	6.031417983666864e-80	1.841857389753205e-30	922
319	13	ERCC5	3.0516562298408712e-74	5.3717950060330554e-24	669
355	13	METTL21C	2.5409028084525466e-75	2.133154156334599e-21	626
392	13	GPC6	1.6604390514984088e-131	4.402736355751871e-67	1032
44	13	USPL1	7.761207696119822e-62	4.30171906375833e-42	592
75	13	AL139080.1	6.857786806351279e-72	7.974047669753984e-36	690
82	13	DNAJC15	2.6171502823675026e-89	4.408048790053327e-86	593
110	14	RNASE4	1.0284522727461948e-40	5.820051578540146e-17	648
122	14	ASB2	1.039368777953851e-54	2.7906119027754785e-36	613
165	14	TMEM260	1.4830432332004558e-58	6.04991119136108e-23	692
170	14	AC008372.1	8.080105665893716e-73	1.0033280059030043e-36	573
190	14	NPAS3	6.177518445076521e-164	3.574875969401053e-85	1253
256	14	CPSF2	8.329960861655668e-33	3.1938794233170763e-15	537
267	14	OSGEP	3.4425140370136603e-46	2.835126338731158e-29	620
26	14	RP11-986E7.7	4.5249815527408136e-60	3.3734835332822714e-16	766
271	14	ABHD4	3.3446105500110964e-56	9.171661579204068e-33	642
301	14	NKX2-1	5.511905448478318e-70	1.2438406143094011e-53	570
322	14	RNASE3	4.723286636718388e-39	8.600292701427598e-13	578
329	14	SLC25A21	5.165657704760552e-52	3.4878918335970247e-32	686
330	14	TRIM9	1.869247793416158e-97	1.020146833430398e-31	604
35	14	AC005477.1	1.5057360985141427e-83	3.228529619750965e-58	566
368	14	RP11-404P21.8	2.8146919451847107e-39	3.714962852474871e-16	583
374	14	OR6S1	6.927093298474458e-44	2.3867961952104153e-20	640
391	14	CMA1	3.8318872274429684e-72	3.0031517079390116e-47	578
408	14	TEP1	4.956202372384411e-46	2.5818006604701976e-29	620
425	14	VASH1	2.8876181413787043e-59	2.7938945560136284e-28	561
43	14	KLHL33	4.4342485162422e-46	2.3493169306442434e-29	620
465	14	MDGA2	9.458590894179315e-120	1.2127279349322243e-80	714
467	14	KCNH5	7.51974123331023e-116	4.469251039668452e-50	614
470	14	SYNJ2BP-COX16	1.195413770975156e-74	5.797284174668328e-72	574
476	14	PAX9	1.0894603970882944e-78	3.91945294600023e-43	571
486	14	RAD51B	4.327395572689158e-66	3.219596926211035e-30	880
495	14	SERPINA1	3.1154417647616204e-62	1.2970214215333227e-21	773
76	14	CBLN3	8.296360071963203e-69	3.08828829540405e-45	557
91	14	RNASE9	3.5386568684043038e-43	1.119296555453848e-23	639
175	15	MEF2A	6.295749110275267e-60	7.0473300528496e-39	606
251	15	ZWILCH	2.551390250329475e-92	6.5235114587697185e-62	588
252	15	MCTP2	5.859149561223378e-68	4.459451350170788e-23	746
262	15	MEGF11	5.581802383302864e-32	1.5468049913373998e-12	556
29	15	ZFAND6	6.951318797400521e-70	9.655764537060061e-15	580
306	15	UNC13C	1.3037993558008688e-124	1.7346179515410713e-59	856
324	15	GABRG3	4.634166238488692e-78	1.8201607327949886e-53	788
336	15	ICE2	5.978028906730169e-88	1.0613874253481181e-62	591
340	15	SELENOS	1.9679447372471661e-78	9.736626825378996e-49	602
359	15	RYR3	5.4703972029743565e-126	1.5876734664156315e-70	1042
369	15	MEIS2	2.718318534970605e-94	4.60424531805954e-74	614
452	15	LRRK1	6.95275967080211e-82	2.2103979843297983e-37	730
65	15	GCOM1	1.4283834802393398e-64	2.0758807574917508e-34	701
208	16	ZNF423	3.585305003269077e-53	2.2719869420735146e-32	566
224	16	CNTNAP4	8.29670238920656e-82	6.0160933029073154e-74	589
233	16	COX4I1	8.249735673126746e-96	4.905713748421149e-77	645
248	16	CIITA	8.075829351271045e-50	7.812326737547922e-30	563
250	16	FTO	6.473296049881665e-75	6.018011649666043e-44	702
264	16	PIH1	1.0111561714673335e-91	2.617952031994346e-69	1046
265	16	FAM92B	6.199340334671096e-64	1.0153804832071131e-46	577
375	16	HSBP1	7.910628558206962e-93	3.2031873926285985e-43	951
483	16	MAP1LC3B	1.6668728177412666e-79	7.741640950639168e-31	578
499	16	CES5A	1.541203949875841e-58	2.1866125459726e-28	576
67	16	SHISA9	2.5505147772737317e-80	6.382888158973095e-51	906
69	16	KIFC3	2.7025213589001986e-36	1.7535362101739188e-15	550
72	16	LPCAT2	7.907339881843224e-105	8.928938508864175e-51	698
167	17	RCVRN	4.2021278874997695e-62	1.3478537026012505e-28	630
187	17	SHISA6	1.3686509145895796e-97	6.64970098674863e-67	661
223	17	STXBP4	6.450617362916727e-48	3.8541567985115714e-31	613
226	17	CANT1	3.6636540883584347e-28	5.239130476697421e-13	614
227	17	MYH13	3.6750803029769457e-22	8.480592907677749e-13	606
285	17	ARHGAP44	4.713353540548695e-74	5.072380251294439e-29	624
295	17	CCL7	1.0106123656504905e-93	1.9847965885962338e-26	706
299	17	CCL13	3.23864153113078e-94	6.8343077353717315e-25	671
326	17	SSTR2	7.705119770330858e-23	8.337281142292223e-11	542
371	17	GLP2R	1.1806799218097122e-66	1.4078078349403252e-32	656
380	17	CA10	3.0931021760613436e-90	3.7684151378048098e-53	691
383	17	CCL11	1.2901727745303588e-94	1.0144785562161007e-26	698
402	17	DNAH9	1.666289498877674e-71	5.597069213421764e-52	648
128	18	SMCHD1	1.0854574510314164e-47	3.0131260401928454e-23	584
189	18	CPLX4	1.9371893259093145e-87	6.858613963199047e-37	658
194	18	SERPINB3	1.8045110948009868e-51	6.053602603018809e-56	527
197	18	VAPA	4.011045877434241e-80	4.1660332671539156e-35	693
203	18	ZNF407	9.861291037818746e-93	1.169658264661607e-57	781
232	18	CHST9	6.11092258370947e-34	6.169457526753921e-19	694
235	18	MYO5B	1.8533979477706045e-80	5.2044781783877255e-22	734
269	18	SLC14A2	1.2645487133357336e-89	5.073891142223304e-21	769
406	18	PMAIP1	9.216536221958815e-63	4.797096077917023e-33	521
420	18	GALR1	1.741668735627102e-59	2.4709269931519784e-41	705
471	18	LDLRAD4	2.5181803015850018e-57	4.296109777423146e-34	636
477	18	HRH4	2.7735763156834046e-57	4.125499856720762e-42	556
56	18	ALPK2	2.7121034556886966e-82	1.734454947353905e-41	636
66	18	C18orf63	2.683357681455155e-55	3.468619551964924e-34	592
80	18	C18orf25	1.567806368552884e-42	1.752628324408008e-31	561
92	18	MBD1	6.310823072347471e-51	1.0239617926413655e-22	577
93	18	GRP	1.2128462980002387e-82	8.401799226563025e-36	619
206	19	SIGLEC12	1.0574585828246466e-37	1.3536985603502313e-18	600
25	19	SSC5D	6.413976794395767e-43	4.709512939462723e-19	557
263	19	ETFB	7.103651691148363e-44	9.025485834113451e-13	628
279	19	ZNF350	6.790434775737167e-42	5.740000940978297e-26	583
387	19	SIGLECL1	8.472929524678507e-36	8.525797389236381e-09	632
401	19	KLK13	3.41467899812373e-31	6.414751615119643e-09	570
455	19	LIM2	9.654846510344814e-41	1.044081788046704e-15	623
457	19	NLRP11	2.295611338769521e-47	2.1963423732814013e-19	550
55	19	ZNF613	3.526950101022064e-38	5.088172768692986e-22	582
5	19	CD33	1.0432041958237934e-34	3.6084886430047803e-09	622
62	19	ZNF577	1.7343042893733205e-37	1.3165955797529326e-22	608
119	1	NME7	3.3855290383456325e-43	7.896234060922252e-16	669
125	1	TNR	5.496514187547536e-71	4.664032299327355e-20	612
141	1	IPO9	3.128768000234549e-55	8.40783437736716e-26	551
154	1	MATN1	3.3390220771507427e-60	1.0725184838260386e-24	545
17	1	DNAH14	4.83732641720492e-73	2.6565140949736706e-31	534
183	1	ADGRL2	3.385889844103619e-79	7.517290497052108e-36	773
281	1	KIF21B	7.42326157852189e-62	5.9998558189667025e-22	637
288	1	HSD17B7	5.972083915390329e-73	8.050556008900526e-10	558
298	1	ARHGEF10L	5.450369314480023e-89	9.412749208941598e-45	678
303	1	PPFIA4	4.0275159391021817e-35	1.1234223520456223e-12	525
304	1	TMEM56	1.351192375625249e-75	3.488490127021079e-30	584
316	1	CHRM3	8.60500474975978e-113	3.3707114348031665e-96	771
317	1	WLS	1.9354784992073407e-80	3.8448862966348684e-66	589
320	1	C1orf106	4.411020626420334e-63	6.214281433350737e-22	593
32	1	PRRC2C	1.824432508768059e-101	4.141975945917729e-42	576
331	1	MT1HL1	2.0199861995482552e-36	1.2004654172987641e-26	672
343	1	LRRC7	1.6600109589002374e-54	8.165462262383207e-32	573
357	1	C1orf226	6.147436365910584e-53	1.9826383621842227e-31	573
372	1	KCNC4	5.611545171620215e-62	2.6795590806458325e-39	599
378	1	CAMTA1	3.6619762822439293e-121	1.1039678529483861e-63	857
384	1	ACTN2	9.91877226353027e-38	2.3242729512414663e-28	687
393	1	C1orf94	2.0123347690264663e-70	1.2284174571989375e-33	611
398	1	DUSP27	1.0728552348251936e-59	1.5327381354644596e-51	614
424	1	FAM89A	2.389443890528407e-52	2.2964820192611787e-22	564
427	1	FH	1.1233625926097595e-68	5.131337499566099e-50	585
428	1	GPATCH2	1.2796461168475353e-121	3.722883791978146e-95	650
442	1	CACNA1S	6.810196164348646e-66	7.417800968211761e-23	662
466	1	NUF2	1.5426945957869476e-71	1.7052610984145796e-33	592
478	1	TSNAX-DISC1	8.040290455229682e-46	8.733152982525645e-32	632
487	1	TTC13	5.914293894198687e-54	6.395356265643634e-25	591
498	1	ST6GALNAC3	5.378347186168084e-61	3.65570729798714e-34	724
87	1	SGIP1	2.628019830656604e-92	2.7150152961187916e-65	653
90	1	TMCC2	2.1775092941974242e-49	1.1935786681229724e-34	566
10	20	PREX1	2.5260667976595762e-48	7.182493592241577e-18	653
127	20	DTD1	1.9924050682610263e-23	9.55527007200769e-12	564
137	20	ZNF831	5.303090671122471e-77	6.905185649033848e-55	620
147	20	TBC1D20	3.644739061523857e-35	1.6368606575769535e-23	591
171	20	SLC52A3	6.013256339084685e-74	1.051792609004092e-37	657
202	20	C20orf85	1.565668967471038e-35	2.3032724879186676e-16	628
221	20	SDCBP2	8.68669776086864e-67	2.8641024856297553e-34	692
228	20	SPTLC3	1.6097298258247525e-33	4.063873920300095e-12	650
234	20	CST3	2.3646724320498084e-70	5.797311392462553e-33	541
260	20	CTCFL	1.713788102354343e-89	8.881208509863212e-47	662
290	20	PRNP	4.1729339998719136e-73	3.843407856509368e-26	636
305	20	CDH4	4.1186602950243774e-104	2.5320514592454408e-71	1046
345	20	OTOR	5.995268219953729e-86	1.7382196104704348e-37	675
353	20	PMEPA1	8.485548834427637e-80	5.046081558185421e-38	623
362	20	STK35	1.7907924604255075e-92	5.553750748123509e-40	729
385	20	SLX4IP	4.977881522248744e-83	1.2573039306630482e-35	684
386	20	RBM38	2.2385191142520977e-93	1.532773245682418e-70	651
426	20	CST8	4.515205754821483e-95	5.634328417536332e-46	557
444	20	NOP56	7.610736622743513e-53	6.125683847622897e-25	548
469	20	PCK1	2.3779522634565705e-77	2.42538711866851e-37	638
492	20	PLCB4	7.292748830430341e-116	1.0504664586437143e-70	862
4	20	SLC24A3	1.493544872171758e-85	7.799535697902994e-36	987
64	20	NXT1	1.0940000628402966e-90	7.006031831006127e-51	540
99	20	TCF15	3.778980718050945e-43	5.1937914405457226e-27	680
14	21	WDR4	8.734564204824316e-38	1.2658223268105267e-19	616
201	21	ADAMTS5	8.634162612261518e-71	4.761015828259113e-32	676
21	21	BACE2	2.93575331905416e-80	1.239130391921832e-47	670
222	21	PKNOX1	1.5026975186788963e-36	1.7153771033184311e-19	554
243	21	RUNX1	1.1836577268710929e-107	4.5543841456016644e-45	1104
421	21	PRED57	1.0183231414083535e-44	2.668478297850761e-20	560
454	21	HMGN1	1.6618609408058805e-40	8.355457791182138e-17	650
139	22	KIAA1644	8.835232501290368e-40	7.675712772374737e-20	788
13	22	RAC2	9.206578443710834e-63	1.0967364120990656e-21	604
212	22	C1QTNF6	1.8287906364257844e-67	4.067286073026349e-22	624
284	22	KCTD17	4.978729389716854e-67	1.2861560422850047e-26	633
28	22	SULT4A1	2.6824517435071704e-36	6.411094432477776e-22	651
34	22	NCF4	8.072516814407496e-59	4.085844181013096e-22	638
363	22	RIBC2	7.118781398774127e-36	3.9753091227397173e-16	539
422	22	PRR5-ARHGAP8	6.861827596264698e-65	5.450931358712969e-27	794
468	22	RFPL3S	1.4991923649518346e-53	9.979274121019145e-34	605
484	22	TST	6.588026532974241e-64	7.6373932991120035e-25	651
68	22	KIAA0930	1.6049508623861205e-27	1.4019290082050753e-08	635
102	2	NOL10	9.76248159364623e-24	7.255070439098473e-06	661
115	2	NRXN1	4.358887055520551e-183	6.550729111677517e-68	1059
11	2	GPR75-ASB3	6.354458332537125e-46	3.3759041059234577e-25	562
124	2	AC007377.1	8.904075612066532e-88	2.2581831279651754e-46	581
12	2	C2orf61	2.4382269132259524e-51	4.3194811701008506e-32	605
134	2	RTN4	2.7993560338415183e-67	1.1340778702781398e-20	551
138	2	HJURP	2.584918037071961e-47	5.575870716302322e-33	717
169	2	LRRFIP1	1.1566038163885365e-63	1.6490543181594036e-35	571
178	2	REG1A	1.9115003598080992e-58	8.492270867114422e-13	536
193	2	UGT1A8	6.868390611588911e-56	1.1064783958245285e-46	763
216	2	COL4A3	9.386878127837938e-16	1.5854399261827356e-07	547
239	2	MYT1L	1.8807048331890776e-68	1.6009831736991519e-44	801
254	2	TACR1	2.324485304680913e-86	2.3687870727301721e-66	592
272	2	STRN	7.458207633449574e-93	2.015266337050609e-44	618
278	2	RRM2	1.1555851897186712e-41	9.291003360824149e-14	575
309	2	CAMKMT	1.6978097372103084e-57	3.984996017576123e-49	779
310	2	CYP1B1	1.6731751298114996e-79	9.637537443199325e-56	619
333	2	ERBB4	2.1330198140430356e-144	1.9974117495241793e-108	1002
334	2	TTC7A	3.1395952600864464e-50	3.634247946232784e-35	617
342	2	WDR43	1.5617928379480779e-43	8.598878545163949e-13	603
366	2	FSHR	1.4197537323860642e-61	9.813945063664646e-43	643
390	2	C2orf71	6.428366845058354e-56	2.89794973536637e-11	613
403	2	ZNF385B	5.714828504873155e-61	4.562166212496568e-29	656
433	2	SPP2	1.5005669347624416e-40	3.156224505598697e-23	761
440	2	NCK2	8.494242786079882e-64	1.2371984061840874e-26	645
458	2	ARHGAP25	2.4213185177087804e-59	1.1880285818788928e-07	553
459	2	ARHGAP15	1.4891919844581524e-53	9.703547895591217e-13	552
480	2	LPIN1	2.487416095264137e-71	7.639287193030623e-28	591
50	2	TOGARAM2	7.262280566621934e-56	9.111956339239055e-11	664
59	2	IL18RAP	1.6593398247097902e-102	2.8175972729229404e-40	541
77	2	GCFC2	1.6475642981331316e-75	1.033384271835188e-37	554
94	2	ETAA1	1.7368144404658472e-77	3.107079034183895e-19	588
111	3	LSM3	1.61824861190693e-78	3.374422338587836e-44	557
148	3	PHLDB2	1.0418996645508259e-51	1.1395318514625073e-11	607
188	3	CCDC174	4.61283665009444e-56	6.694263759746356e-21	577
192	3	KCNMB2	4.1046193686362085e-61	5.274792408757309e-16	570
242	3	EPHB1	4.684332127040461e-106	7.309193782754604e-41	737
312	3	ATXN7	7.730632551155853e-65	5.538312830279472e-25	665
350	3	TRNT1	4.542063255571556e-68	1.5553909793772024e-31	816
354	3	CRBN	6.128350396694122e-69	7.447697084685516e-33	824
358	3	CPNE4	1.2156704206601192e-106	4.717797155313174e-44	723
388	3	VHL	3.4545834269925305e-42	1.891388118141122e-29	562
405	3	UMPS	1.854385746740238e-87	7.377330408307863e-58	658
448	3	RBMS3	4.687695005462754e-127	6.333693644251082e-79	1136
45	3	TATDN2	7.37337641906936e-43	6.393866483954872e-27	582
464	3	SYN2	2.440337150284609e-41	5.247191134457409e-22	570
49	3	LEKR1	2.402236945562903e-81	2.3713407993480287e-30	540
89	3	TBC1D5	3.519941955627213e-41	3.5797179181373587e-20	723
162	4	CAMK2D	1.5464996779011384e-76	9.868788933783354e-37	584
204	4	PGM2	2.10138562643694e-62	7.035809232923787e-21	611
211	4	EVC	3.1849960060521337e-96	5.6329959304382445e-77	775
219	4	CD38	6.2538238035616985e-59	3.733812082303006e-11	570
292	4	ANAPC4	4.455430158807012e-33	9.641160774644436e-23	539
328	4	TADA2B	2.0155125295576058e-42	8.578811403652473e-19	631
364	4	EVC2	3.2201306126422815e-101	6.682145633108676e-72	815
367	4	ARHGAP24	4.653246312349692e-70	9.7429426986154e-32	585
36	4	SORBS2	5.493851926768545e-93	6.85434622896262e-50	733
394	4	UNC5C	1.2859252196065597e-85	1.1811582026184345e-49	714
400	4	SNX25	8.86193871846719e-57	1.6632247539903936e-30	625
445	4	STOX2	4.4663844860601166e-69	2.6465094842542555e-35	643
462	4	SORCS2	1.029212804783403e-72	6.171064843553844e-36	1009
463	4	FGFBP2	1.3567695851912354e-46	6.686357591728287e-10	554
71	4	RP11-717K11.2	6.771656979125888e-43	1.4941567723940428e-32	586
73	4	RELL1	1.9602014485005207e-79	2.6161907289776414e-18	627
74	4	HTRA3	3.4875837561761673e-40	6.414139703783264e-24	576
8	4	INPP4B	7.765691012825341e-81	3.2608584583187047e-55	590
109	5	SPDL1	9.166403182441844e-71	1.6092182786293407e-25	617
146	5	ZNF354A	1.80971830865776e-72	1.4885859476476439e-33	578
150	5	LCP2	4.7306985145727974e-68	6.86950849940624e-21	770
163	5	ATOX1	2.016996892717093e-97	1.3146296675020708e-56	551
164	5	ADAMTS16	3.1265901501854207e-93	1.2906336497189517e-37	716
198	5	TTC33	1.4031404565730672e-63	1.2960413516142377e-05	545
205	5	HTR4	2.3424397208224005e-41	5.3707008543954824e-24	540
241	5	FAT2	5.725947853158676e-66	1.3428603176532523e-54	629
261	5	AGGF1	2.1019171524387496e-74	1.1727255669285934e-34	579
270	5	F2R	3.7509177192253364e-56	1.712945560215748e-19	554
27	5	SV2C	2.211980020820737e-85	3.8824418839574925e-58	658
287	5	MOCS2	1.3608833377843238e-23	0.010347747586332348	548
33	5	CCT5	1.1074512780542396e-32	3.5248896234355154e-13	585
347	5	C5orf58	8.626020205645062e-64	1.2465756187113304e-20	736
38	5	C5orf49	2.2840217811269576e-88	2.5823930904625777e-26	597
396	5	ADCY2	4.190641490191013e-112	6.970917076927501e-32	774
429	5	PDZD2	1.8728401654156778e-74	2.408747241054758e-44	805
434	5	CDH12	2.9618712978403356e-100	1.9008070949888417e-91	719
438	5	MED10	9.832724689165908e-77	1.773886515411042e-44	626
475	5	COMMD10	7.219112314815826e-40	1.0276163502810412e-27	747
85	5	RANBP17	5.0981372990545935e-26	9.083063110809425e-12	682
112	6	HLA-DRB5	4.5235231497767496e-100	1.5538569221241554e-68	1288
113	6	ATXN1	3.9226623878969476e-89	2.9324224134379837e-48	766
123	6	PFDN6	7.887577501042015e-36	0.011413300209566383	998
129	6	RCAN2	2.0785741822289862e-38	2.564782880088924e-13	636
135	6	EHMT2	1.0252498055360776e-62	6.832944351500846e-23	974
142	6	SUPT3H	6.447779652627236e-29	1.0811011492691783e-22	591
149	6	ITPR3	7.961443284028303e-48	2.8727091555291773e-43	649
160	6	DDAH2	1.1000868983076875e-92	4.601253473883863e-23	953
161	6	ABHD16A	1.2383024393565984e-92	2.2224294771531946e-23	951
177	6	RIOK1	1.1279695541312638e-61	3.228251954455255e-25	609
181	6	STK38	7.03338665898365e-67	4.3308035485026674e-35	559
191	6	QRSL1	2.116539508583221e-45	4.1378053346534144e-09	527
196	6	TIAM2	1.8711554582461207e-57	8.234627682460335e-43	655
214	6	LRFN2	2.6629294955710837e-56	5.420815878211734e-23	647
231	6	PACRG	1.7912800932045242e-104	1.5151445476310222e-50	851
244	6	UNC5CL	2.1868408302671437e-26	4.7522143850813915e-15	561
246	6	GLP1R	1.624383018414457e-91	6.190858081538861e-24	597
247	6	CFB	2.121810899058742e-86	5.763905420776354e-45	1052
257	6	SASH1	3.98630103548367e-77	1.0256271796496032e-37	762
266	6	HIST1H3A	2.2439618831425657e-96	2.5039678083218046e-57	648
275	6	RPS18	4.108817591461573e-32	0.036861539034469384	1007
276	6	XXbac-BPG32J3.19	1.498325967800799e-90	7.321680168674689e-22	937
30	6	CAGE1	4.906674257567825e-66	2.8085574422831846e-21	641
315	6	HLA-E	3.3024236369786512e-74	0.00391336993101398	1135
31	6	CDYL	9.149443522805908e-101	2.7551993874890423e-40	764
321	6	RIPK1	1.2557753542692252e-104	5.604213870988033e-52	658
344	6	COL11A2	4.843284878082235e-38	8.869098459557356e-07	1129
346	6	TRIM26	1.5650329009348223e-63	0.20223515925006888	1235
373	6	PRPF4B	1.7914496667951868e-76	1.2126506202670814e-46	624
389	6	HIST1H4E	3.0948435700544747e-89	1.1992482373023702e-17	622
395	6	CDKAL1	3.681879313055818e-88	1.5912804789480967e-53	785
411	6	LY6G6E	1.3506162537943505e-88	8.087115912653546e-21	923
415	6	HIST1H2AB	6.980322289399719e-97	2.162408741764433e-56	650
416	6	GMPR	1.7837847403872392e-62	2.446872415134233e-36	610
419	6	HSPA1L	3.5715442240175375e-75	7.666549523828061e-20	899
42	6	RP11-514O12.4	4.5392467164564485e-64	2.677818859946376e-25	711
430	6	VPS52	6.624165115259213e-38	0.0039564287330934745	1045
436	6	PDSS2	1.7299014474942303e-99	9.445890694846948e-43	603
437	6	TCF19	6.453598840673795e-93	1.784672935587387e-18	1369
443	6	ZBTB9	1.604066616225292e-29	1.0024024165863488e-05	843
450	6	DDR1	1.8620326646826872e-81	0.013022638841975973	1338
48	6	ATG5	1.256059274173807e-59	4.011757832049104e-11	681
496	6	PPP1R18	1.2228300786201673e-50	0.10744880076645899	1218
51	6	GPLD1	3.315833296708909e-79	4.9625234091645156e-37	597
58	6	HIST1H4C	3.3159730629814055e-94	1.203336558608043e-55	656
78	6	PIM1	1.3210459498286846e-91	3.2005735740415953e-37	600
79	6	SYNE1	2.275356060500382e-85	6.605712447002348e-53	836
86	6	TXNDC5	1.2866536451169609e-87	3.3087570285374394e-37	617
98	6	NEU1	5.859855282170346e-68	3.6246852876489555e-24	955
105	7	CCDC129	4.173377750775835e-62	3.356711368592986e-23	663
108	7	STARD3NL	1.4448835301857023e-64	9.49448958692481e-34	595
120	7	PRR15	5.224072393256337e-91	2.5219132859270966e-36	598
153	7	CACNA2D1	4.349565955799214e-89	2.3301279408862485e-67	608
166	7	PPP1R9A	1.1535810018826108e-79	5.195964209983863e-44	542
209	7	BBS9	1.3730823952787256e-86	2.9923792474936595e-43	542
210	7	AC005281.1	6.229409905181926e-108	5.5128264812811194e-39	624
24	7	GRM8	2.1769015289423563e-144	2.1843995192246823e-68	744
294	7	ARL4A	2.1015693937665619e-78	1.0067003191034402e-19	546
325	7	AOAH	4.4772799592761543e-88	6.276905330260283e-34	673
352	7	RAPGEF5	1.5711954680440713e-102	1.6991750331109068e-41	852
37	7	NPVF	6.034695940885338e-107	1.1875252714239153e-28	601
381	7	ANLN	4.098351337278696e-68	1.4287740764864734e-27	588
39	7	PHTF2	1.0159654874007983e-43	2.383333119072388e-18	604
418	7	ADCYAP1R1	3.339635295549027e-54	3.5694453750251455e-17	582
446	7	ORC5	5.988014004025685e-128	8.346799491980688e-29	623
451	7	ATXN7L1	1.507374863650872e-21	1.294614333774966e-14	589
490	7	MPP6	3.930113545229192e-120	1.8613115939476352e-37	656
53	7	SUN3	3.808718847175953e-48	2.3923766881033007e-20	537
95	7	RELN	6.697892877743797e-138	1.6572032407964912e-46	669
101	8	TRPA1	3.242781829312215e-85	7.556614237541905e-42	563
117	8	ADCY8	1.1381185909363416e-82	1.1711653811989307e-28	630
131	8	TUSC3	4.8019287162620136e-201	2.3165557351841366e-67	995
132	8	ANGPT1	8.523921905692681e-75	1.8276705646421892e-16	565
151	8	TNFRSF10D	1.6106538393620748e-73	1.7448914710004762e-30	599
176	8	ATP6V1B2	8.787542544364159e-113	2.527046678787135e-78	648
179	8	RP1L1	7.208617508736566e-142	4.091226358839158e-133	757
180	8	NAT2	1.0371065104402597e-86	1.2262299847641059e-48	801
200	8	CSMD1	0.0	3.422610917373454e-150	3102
215	8	RHOBTB2	1.1181469766221777e-50	1.5413675938408806e-21	573
218	8	FER1L6	7.030873159198941e-67	1.6088300411455138e-24	633
229	8	CLVS1	1.0863307727091534e-70	1.0739978224185454e-63	662
255	8	ZFAT	1.328058517356474e-87	9.360496007675331e-67	718
282	8	PPP2R2A	5.767841748096045e-72	5.4207353379333255e-49	665
286	8	CLDN23	2.152812916470922e-121	2.133758969839185e-112	618
302	8	OXR1	5.133831502554031e-87	3.537528408736123e-45	542
307	8	NAT1	2.0275865343756288e-74	5.654417082814633e-49	848
313	8	RIMS2	5.688687920685919e-60	4.77771275714224e-25	630
314	8	NCALD	1.2118108257434535e-54	1.219319788873705e-37	673
348	8	NDRG1	3.824412808555654e-68	1.404634433508394e-26	765
365	8	TMEM71	1.6884464431481535e-53	1.375442778606321e-41	673
376	8	FAM135B	1.438704113161485e-103	8.008411319681897e-58	849
377	8	SBSPON	2.145498725607972e-94	2.1974623514845986e-34	561
379	8	R3HCC1	4.0924237001017863e-78	1.1982883532123806e-32	610
409	8	TRAPPC9	3.316370591414624e-63	4.107331870829872e-34	866
488	8	C8orf74	1.0162233171338591e-133	5.066356221469747e-115	704
500	8	BNIP3L	1.3612449136231419e-67	1.1614742281089387e-32	710
52	8	FGL1	1.8877299967388097e-70	4.576718831083221e-53	847
70	8	AGPAT5	8.044126360624074e-28	2.170850246443908e-10	818
116	9	AL162389.1	1.6860452921197833e-72	4.126344121917929e-65	592
143	9	ASTN2	3.962424255630735e-169	1.7770905329589005e-92	1099
152	9	DMRT1	1.0167170813329134e-133	1.7048340995089942e-78	957
159	9	COL27A1	1.426220724307631e-64	1.5440105934258993e-34	702
16	9	KDM4C	1.1920674263742601e-157	1.2267281509240429e-67	1011
173	9	TMEM268	1.4564730011876277e-43	1.6906135809061685e-17	682
186	9	TXN	7.861555194263729e-67	3.5685477499806993e-20	592
207	9	SMARCA2	5.698670920918934e-105	1.016271756451006e-68	1090
238	9	KLF4	3.7134905660067322e-50	8.844180247211903e-31	551
249	9	ACTL7A	1.8957940436129934e-93	3.8180360792583665e-15	592
258	9	VPS13A	1.897722090040681e-32	1.3801241844183262e-15	550
259	9	TXNDC8	4.227418561598547e-53	2.7540908193190837e-21	581
277	9	CORO2A	1.9061109131917894e-54	3.7791824174645655e-29	585
300	9	WHRN	2.306570977302152e-52	2.8354501481222015e-25	711
327	9	SHB	8.15235391754132e-45	4.8677768735429326e-29	550
413	9	SLC1A1	2.7153909246505233e-134	1.8199355759185947e-57	858
441	9	AL161450.1	6.219136535216579e-46	1.1125801129400566e-25	539
449	9	RXRA	1.3108395556265788e-86	4.6614375809866876e-58	591
460	9	MUSK	3.492671755639296e-65	7.458013651470339e-20	630
461	9	PIP5K1B	4.423084296095952e-65	1.1448446096626596e-32	582
473	9	ORM2	1.4824743256912843e-54	1.3539243565297218e-29	627
481	9	AMBP	4.1331772227320415e-66	1.3886104124633812e-40	637
493	9	AUH	1.9715945518466083e-59	3.0582342049154337e-25	581
494	9	SH3GL2	3.278124654876609e-48	1.0226628035581786e-17	654
88	9	GLIS3	2.017922070464447e-132	4.712958161417583e-56	1081
