1	1350	2	2	0	0.05	0.8	1	101	HMX2	10
1	1350	2	2	0	0.05	0.8	2	102	ITFG2	12
1	1350	2	2	0	0.05	0.8	3	103	ZBTB16	11
1	1350	2	2	0	0.05	0.8	4	104	SLC24A3	20
1	1350	2	2	0	0.05	0.8	5	105	CD33	19
1	1350	2	2	0	0.05	0.8	6	106	TRDMT1	10
1	1350	2	2	0	0.05	0.8	7	107	OR51B4	11
1	1350	2	2	0	0.05	0.8	8	108	INPP4B	4
1	1350	2	2	0	0.05	0.8	9	109	NT5DC3	12
1	1350	2	2	0	0.05	0.8	10	110	PREX1	20
1	1350	2	2	0	0.05	0.8	11	111	GPR75-ASB3	2
1	1350	2	2	0	0.05	0.8	12	112	C2orf61	2
1	1350	2	2	0	0.05	0.8	13	113	RAC2	22
1	1350	2	2	0	0.05	0.8	14	114	WDR4	21
1	1350	2	2	0	0.05	0.8	15	115	GALNT8	12
1	1350	2	2	0	0.05	0.8	16	116	KDM4C	9
1	1350	2	2	0	0.05	0.8	17	117	DNAH14	1
1	1350	2	2	0	0.05	0.8	18	118	DUSP16	12
1	1350	2	2	0	0.05	0.8	19	119	ASB13	10
1	1350	2	2	0	0.05	0.8	20	120	KRT86	12
1	1350	2	2	0	0.05	0.8	21	121	BACE2	21
1	1350	2	2	0	0.05	0.8	22	122	RAD51AP1	12
1	1350	2	2	0	0.05	0.8	23	123	LMO7	13
1	1350	2	2	0	0.05	0.8	24	124	GRM8	7
1	1350	2	2	0	0.05	0.8	25	125	SSC5D	19
1	1350	2	2	0	0.05	0.8	26	126	RP11-986E7.7	14
1	1350	2	2	0	0.05	0.8	27	127	SV2C	5
1	1350	2	2	0	0.05	0.8	28	128	SULT4A1	22
1	1350	2	2	0	0.05	0.8	29	129	ZFAND6	15
1	1350	2	2	0	0.05	0.8	30	130	CAGE1	6
1	1350	2	2	0	0.05	0.8	31	131	CDYL	6
1	1350	2	2	0	0.05	0.8	32	132	PRRC2C	1
1	1350	2	2	0	0.05	0.8	33	133	CCT5	5
1	1350	2	2	0	0.05	0.8	34	134	NCF4	22
1	1350	2	2	0	0.05	0.8	35	135	AC005477.1	14
1	1350	2	2	0	0.05	0.8	36	136	SORBS2	4
1	1350	2	2	0	0.05	0.8	37	137	NPVF	7
1	1350	2	2	0	0.05	0.8	38	138	C5orf49	5
1	1350	2	2	0	0.05	0.8	39	139	PHTF2	7
1	1350	2	2	0	0.05	0.8	40	140	USP47	11
1	1350	2	2	0	0.05	0.8	41	141	TMEM132B	12
1	1350	2	2	0	0.05	0.8	42	142	RP11-514O12.4	6
1	1350	2	2	0	0.05	0.8	43	143	KLHL33	14
1	1350	2	2	0	0.05	0.8	44	144	USPL1	13
1	1350	2	2	0	0.05	0.8	45	145	TATDN2	3
1	1350	2	2	0	0.05	0.8	46	146	OR56A3	11
1	1350	2	2	0	0.05	0.8	47	147	SCN3B	11
1	1350	2	2	0	0.05	0.8	48	148	ATG5	6
1	1350	2	2	0	0.05	0.8	49	149	LEKR1	3
1	1350	2	2	0	0.05	0.8	50	150	TOGARAM2	2
1	1350	2	2	0	0.05	0.8	51	151	GPLD1	6
1	1350	2	2	0	0.05	0.8	52	152	FGL1	8
1	1350	2	2	0	0.05	0.8	53	153	SUN3	7
1	1350	2	2	0	0.05	0.8	54	154	CTD-2010I16.2	11
1	1350	2	2	0	0.05	0.8	55	155	ZNF613	19
1	1350	2	2	0	0.05	0.8	56	156	ALPK2	18
1	1350	2	2	0	0.05	0.8	57	157	PCBD1	10
1	1350	2	2	0	0.05	0.8	58	158	HIST1H4C	6
1	1350	2	2	0	0.05	0.8	59	159	IL18RAP	2
1	1350	2	2	0	0.05	0.8	60	160	OR51T1	11
1	1350	2	2	0	0.05	0.8	61	161	PRKG1	10
1	1350	2	2	0	0.05	0.8	62	162	ZNF577	19
1	1350	2	2	0	0.05	0.8	63	163	IPO8	12
1	1350	2	2	0	0.05	0.8	64	164	NXT1	20
1	1350	2	2	0	0.05	0.8	65	165	GCOM1	15
1	1350	2	2	0	0.05	0.8	66	166	C18orf63	18
1	1350	2	2	0	0.05	0.8	67	167	SHISA9	16
1	1350	2	2	0	0.05	0.8	68	168	KIAA0930	22
1	1350	2	2	0	0.05	0.8	69	169	KIFC3	16
1	1350	2	2	0	0.05	0.8	70	170	AGPAT5	8
1	1350	2	2	0	0.05	0.8	71	171	RP11-717K11.2	4
1	1350	2	2	0	0.05	0.8	72	172	LPCAT2	16
1	1350	2	2	0	0.05	0.8	73	173	RELL1	4
1	1350	2	2	0	0.05	0.8	74	174	HTRA3	4
1	1350	2	2	0	0.05	0.8	75	175	AL139080.1	13
1	1350	2	2	0	0.05	0.8	76	176	CBLN3	14
1	1350	2	2	0	0.05	0.8	77	177	GCFC2	2
1	1350	2	2	0	0.05	0.8	78	178	PIM1	6
1	1350	2	2	0	0.05	0.8	79	179	SYNE1	6
1	1350	2	2	0	0.05	0.8	80	180	C18orf25	18
1	1350	2	2	0	0.05	0.8	81	181	AC055736.1	12
1	1350	2	2	0	0.05	0.8	82	182	DNAJC15	13
1	1350	2	2	0	0.05	0.8	83	183	AIFM2	10
1	1350	2	2	0	0.05	0.8	84	184	PTPRE	10
1	1350	2	2	0	0.05	0.8	85	185	RANBP17	5
1	1350	2	2	0	0.05	0.8	86	186	TXNDC5	6
1	1350	2	2	0	0.05	0.8	87	187	SGIP1	1
1	1350	2	2	0	0.05	0.8	88	188	GLIS3	9
1	1350	2	2	0	0.05	0.8	89	189	TBC1D5	3
1	1350	2	2	0	0.05	0.8	90	190	TMCC2	1
1	1350	2	2	0	0.05	0.8	91	191	RNASE9	14
1	1350	2	2	0	0.05	0.8	92	192	MBD1	18
1	1350	2	2	0	0.05	0.8	93	193	GRP	18
1	1350	2	2	0	0.05	0.8	94	194	ETAA1	2
1	1350	2	2	0	0.05	0.8	95	195	RELN	7
1	1350	2	2	0	0.05	0.8	96	196	CD44	11
1	1350	2	2	0	0.05	0.8	97	197	DCHS1	11
1	1350	2	2	0	0.05	0.8	98	198	NEU1	6
1	1350	2	2	0	0.05	0.8	99	199	TCF15	20
1	1350	2	2	0	0.05	0.8	100	200	PPM1H	12
1	1350	2	2	0	0.05	0.8	101	201	TRPA1	8
1	1350	2	2	0	0.05	0.8	102	202	NOL10	2
1	1350	2	2	0	0.05	0.8	103	203	TUB	11
1	1350	2	2	0	0.05	0.8	104	204	EID3	12
1	1350	2	2	0	0.05	0.8	105	205	CCDC129	7
1	1350	2	2	0	0.05	0.8	106	206	HSPA8	11
1	1350	2	2	0	0.05	0.8	107	207	KRT85	12
1	1350	2	2	0	0.05	0.8	108	208	STARD3NL	7
1	1350	2	2	0	0.05	0.8	109	209	SPDL1	5
1	1350	2	2	0	0.05	0.8	110	210	RNASE4	14
1	1350	2	2	0	0.05	0.8	111	211	LSM3	3
1	1350	2	2	0	0.05	0.8	112	212	HLA-DRB5	6
1	1350	2	2	0	0.05	0.8	113	213	ATXN1	6
1	1350	2	2	0	0.05	0.8	114	214	EIF4B	12
1	1350	2	2	0	0.05	0.8	115	215	NRXN1	2
1	1350	2	2	0	0.05	0.8	116	216	AL162389.1	9
1	1350	2	2	0	0.05	0.8	117	217	ADCY8	8
1	1350	2	2	0	0.05	0.8	118	218	SLC29A3	10
1	1350	2	2	0	0.05	0.8	119	219	NME7	1
1	1350	2	2	0	0.05	0.8	120	220	PRR15	7
1	1350	2	2	0	0.05	0.8	121	221	NXPE4	11
1	1350	2	2	0	0.05	0.8	122	222	ASB2	14
1	1350	2	2	0	0.05	0.8	123	223	PFDN6	6
1	1350	2	2	0	0.05	0.8	124	224	AC007377.1	2
1	1350	2	2	0	0.05	0.8	125	225	TNR	1
1	1350	2	2	0	0.05	0.8	126	226	KRT75	12
1	1350	2	2	0	0.05	0.8	127	227	DTD1	20
1	1350	2	2	0	0.05	0.8	128	228	SMCHD1	18
1	1350	2	2	0	0.05	0.8	129	229	RCAN2	6
1	1350	2	2	0	0.05	0.8	130	230	PKNOX2	11
1	1350	2	2	0	0.05	0.8	131	231	TUSC3	8
1	1350	2	2	0	0.05	0.8	132	232	ANGPT1	8
1	1350	2	2	0	0.05	0.8	133	233	KRT82	12
1	1350	2	2	0	0.05	0.8	134	234	RTN4	2
1	1350	2	2	0	0.05	0.8	135	235	EHMT2	6
1	1350	2	2	0	0.05	0.8	136	236	OR2AG2	11
1	1350	2	2	0	0.05	0.8	137	237	ZNF831	20
1	1350	2	2	0	0.05	0.8	138	238	HJURP	2
1	1350	2	2	0	0.05	0.8	139	239	KIAA1644	22
1	1350	2	2	0	0.05	0.8	140	240	OR56B1	11
1	1350	2	2	0	0.05	0.8	141	241	IPO9	1
1	1350	2	2	0	0.05	0.8	142	242	SUPT3H	6
1	1350	2	2	0	0.05	0.8	143	243	ASTN2	9
1	1350	2	2	0	0.05	0.8	144	244	KSR2	12
1	1350	2	2	0	0.05	0.8	145	245	PLXNC1	12
1	1350	2	2	0	0.05	0.8	146	246	ZNF354A	5
1	1350	2	2	0	0.05	0.8	147	247	TBC1D20	20
1	1350	2	2	0	0.05	0.8	148	248	PHLDB2	3
1	1350	2	2	0	0.05	0.8	149	249	ITPR3	6
1	1350	2	2	0	0.05	0.8	150	250	LCP2	5
1	1350	2	2	0	0.05	0.8	151	251	TNFRSF10D	8
1	1350	2	2	0	0.05	0.8	152	252	DMRT1	9
1	1350	2	2	0	0.05	0.8	153	253	CACNA2D1	7
1	1350	2	2	0	0.05	0.8	154	254	MATN1	1
1	1350	2	2	0	0.05	0.8	155	255	SLCO1B1	12
1	1350	2	2	0	0.05	0.8	156	256	MKI67	10
1	1350	2	2	0	0.05	0.8	157	257	SLC15A1	13
1	1350	2	2	0	0.05	0.8	158	258	PDE3A	12
1	1350	2	2	0	0.05	0.8	159	259	COL27A1	9
1	1350	2	2	0	0.05	0.8	160	260	DDAH2	6
1	1350	2	2	0	0.05	0.8	161	261	ABHD16A	6
1	1350	2	2	0	0.05	0.8	162	262	CAMK2D	4
1	1350	2	2	0	0.05	0.8	163	263	ATOX1	5
1	1350	2	2	0	0.05	0.8	164	264	ADAMTS16	5
1	1350	2	2	0	0.05	0.8	165	265	TMEM260	14
1	1350	2	2	0	0.05	0.8	166	266	PPP1R9A	7
1	1350	2	2	0	0.05	0.8	167	267	RCVRN	17
1	1350	2	2	0	0.05	0.8	168	268	RP11-295P9.13	10
1	1350	2	2	0	0.05	0.8	169	269	LRRFIP1	2
1	1350	2	2	0	0.05	0.8	170	270	AC008372.1	14
1	1350	2	2	0	0.05	0.8	171	271	SLC52A3	20
1	1350	2	2	0	0.05	0.8	172	272	TNFRSF19	13
1	1350	2	2	0	0.05	0.8	173	273	TMEM268	9
1	1350	2	2	0	0.05	0.8	174	274	CCDC91	12
1	1350	2	2	0	0.05	0.8	175	275	MEF2A	15
1	1350	2	2	0	0.05	0.8	176	276	ATP6V1B2	8
1	1350	2	2	0	0.05	0.8	177	277	RIOK1	6
1	1350	2	2	0	0.05	0.8	178	278	REG1A	2
1	1350	2	2	0	0.05	0.8	179	279	RP1L1	8
1	1350	2	2	0	0.05	0.8	180	280	NAT2	8
1	1350	2	2	0	0.05	0.8	181	281	STK38	6
1	1350	2	2	0	0.05	0.8	182	282	SACS	13
1	1350	2	2	0	0.05	0.8	183	283	ADGRL2	1
1	1350	2	2	0	0.05	0.8	184	284	HBD	11
1	1350	2	2	0	0.05	0.8	185	285	MDM1	12
1	1350	2	2	0	0.05	0.8	186	286	TXN	9
1	1350	2	2	0	0.05	0.8	187	287	SHISA6	17
1	1350	2	2	0	0.05	0.8	188	288	CCDC174	3
1	1350	2	2	0	0.05	0.8	189	289	CPLX4	18
1	1350	2	2	0	0.05	0.8	190	290	NPAS3	14
1	1350	2	2	0	0.05	0.8	191	291	QRSL1	6
1	1350	2	2	0	0.05	0.8	192	292	KCNMB2	3
1	1350	2	2	0	0.05	0.8	193	293	UGT1A8	2
1	1350	2	2	0	0.05	0.8	194	294	SERPINB3	18
1	1350	2	2	0	0.05	0.8	195	295	ACBD7	10
1	1350	2	2	0	0.05	0.8	196	296	TIAM2	6
1	1350	2	2	0	0.05	0.8	197	297	VAPA	18
1	1350	2	2	0	0.05	0.8	198	298	TTC33	5
1	1350	2	2	0	0.05	0.8	199	299	TYSND1	10
1	1350	2	2	0	0.05	0.8	200	300	CSMD1	8
1	1350	2	2	0	0.05	0.8	201	301	ADAMTS5	21
1	1350	2	2	0	0.05	0.8	202	302	C20orf85	20
1	1350	2	2	0	0.05	0.8	203	303	ZNF407	18
1	1350	2	2	0	0.05	0.8	204	304	PGM2	4
1	1350	2	2	0	0.05	0.8	205	305	HTR4	5
1	1350	2	2	0	0.05	0.8	206	306	SIGLEC12	19
1	1350	2	2	0	0.05	0.8	207	307	SMARCA2	9
1	1350	2	2	0	0.05	0.8	208	308	ZNF423	16
1	1350	2	2	0	0.05	0.8	209	309	BBS9	7
1	1350	2	2	0	0.05	0.8	210	310	AC005281.1	7
1	1350	2	2	0	0.05	0.8	211	311	EVC	4
1	1350	2	2	0	0.05	0.8	212	312	C1QTNF6	22
1	1350	2	2	0	0.05	0.8	213	313	OR52W1	11
1	1350	2	2	0	0.05	0.8	214	314	LRFN2	6
1	1350	2	2	0	0.05	0.8	215	315	RHOBTB2	8
1	1350	2	2	0	0.05	0.8	216	316	COL4A3	2
1	1350	2	2	0	0.05	0.8	217	317	NFYB	12
1	1350	2	2	0	0.05	0.8	218	318	FER1L6	8
1	1350	2	2	0	0.05	0.8	219	319	CD38	4
1	1350	2	2	0	0.05	0.8	220	320	FZD4	11
1	1350	2	2	0	0.05	0.8	221	321	SDCBP2	20
1	1350	2	2	0	0.05	0.8	222	322	PKNOX1	21
1	1350	2	2	0	0.05	0.8	223	323	STXBP4	17
1	1350	2	2	0	0.05	0.8	224	324	CNTNAP4	16
1	1350	2	2	0	0.05	0.8	225	325	ELF5	11
1	1350	2	2	0	0.05	0.8	226	326	CANT1	17
1	1350	2	2	0	0.05	0.8	227	327	MYH13	17
1	1350	2	2	0	0.05	0.8	228	328	SPTLC3	20
1	1350	2	2	0	0.05	0.8	229	329	CLVS1	8
1	1350	2	2	0	0.05	0.8	230	330	NTM	11
1	1350	2	2	0	0.05	0.8	231	331	PACRG	6
1	1350	2	2	0	0.05	0.8	232	332	CHST9	18
1	1350	2	2	0	0.05	0.8	233	333	COX4I1	16
1	1350	2	2	0	0.05	0.8	234	334	CST3	20
1	1350	2	2	0	0.05	0.8	235	335	MYO5B	18
1	1350	2	2	0	0.05	0.8	236	336	NEBL	10
1	1350	2	2	0	0.05	0.8	237	337	OR51V1	11
1	1350	2	2	0	0.05	0.8	238	338	KLF4	9
1	1350	2	2	0	0.05	0.8	239	339	MYT1L	2
1	1350	2	2	0	0.05	0.8	240	340	OR51B5	11
1	1350	2	2	0	0.05	0.8	241	341	FAT2	5
1	1350	2	2	0	0.05	0.8	242	342	EPHB1	3
1	1350	2	2	0	0.05	0.8	243	343	RUNX1	21
1	1350	2	2	0	0.05	0.8	244	344	UNC5CL	6
1	1350	2	2	0	0.05	0.8	245	345	FAM155A	13
1	1350	2	2	0	0.05	0.8	246	346	GLP1R	6
1	1350	2	2	0	0.05	0.8	247	347	CFB	6
1	1350	2	2	0	0.05	0.8	248	348	CIITA	16
1	1350	2	2	0	0.05	0.8	249	349	ACTL7A	9
1	1350	2	2	0	0.05	0.8	250	350	FTO	16
1	1350	2	2	0	0.05	0.8	251	351	ZWILCH	15
1	1350	2	2	0	0.05	0.8	252	352	MCTP2	15
1	1350	2	2	0	0.05	0.8	253	353	ANKS1B	12
1	1350	2	2	0	0.05	0.8	254	354	TACR1	2
1	1350	2	2	0	0.05	0.8	255	355	ZFAT	8
1	1350	2	2	0	0.05	0.8	256	356	CPSF2	14
1	1350	2	2	0	0.05	0.8	257	357	SASH1	6
1	1350	2	2	0	0.05	0.8	258	358	VPS13A	9
1	1350	2	2	0	0.05	0.8	259	359	TXNDC8	9
1	1350	2	2	0	0.05	0.8	260	360	CTCFL	20
1	1350	2	2	0	0.05	0.8	261	361	AGGF1	5
1	1350	2	2	0	0.05	0.8	262	362	MEGF11	15
1	1350	2	2	0	0.05	0.8	263	363	ETFB	19
1	1350	2	2	0	0.05	0.8	264	364	PIH1	16
1	1350	2	2	0	0.05	0.8	265	365	FAM92B	16
1	1350	2	2	0	0.05	0.8	266	366	HIST1H3A	6
1	1350	2	2	0	0.05	0.8	267	367	OSGEP	14
1	1350	2	2	0	0.05	0.8	268	368	SUV39H2	10
1	1350	2	2	0	0.05	0.8	269	369	SLC14A2	18
1	1350	2	2	0	0.05	0.8	270	370	F2R	5
1	1350	2	2	0	0.05	0.8	271	371	ABHD4	14
1	1350	2	2	0	0.05	0.8	272	372	STRN	2
1	1350	2	2	0	0.05	0.8	273	373	CUBN	10
1	1350	2	2	0	0.05	0.8	274	374	TEX36	10
1	1350	2	2	0	0.05	0.8	275	375	RPS18	6
1	1350	2	2	0	0.05	0.8	276	376	XXbac-BPG32J3.19	6
1	1350	2	2	0	0.05	0.8	277	377	CORO2A	9
1	1350	2	2	0	0.05	0.8	278	378	RRM2	2
1	1350	2	2	0	0.05	0.8	279	379	ZNF350	19
1	1350	2	2	0	0.05	0.8	280	380	PFKP	10
1	1350	2	2	0	0.05	0.8	281	381	KIF21B	1
1	1350	2	2	0	0.05	0.8	282	382	PPP2R2A	8
1	1350	2	2	0	0.05	0.8	283	383	SH2D4B	10
1	1350	2	2	0	0.05	0.8	284	384	KCTD17	22
1	1350	2	2	0	0.05	0.8	285	385	ARHGAP44	17
1	1350	2	2	0	0.05	0.8	286	386	CLDN23	8
1	1350	2	2	0	0.05	0.8	287	387	MOCS2	5
1	1350	2	2	0	0.05	0.8	288	388	HSD17B7	1
1	1350	2	2	0	0.05	0.8	289	389	AKR1C2	10
1	1350	2	2	0	0.05	0.8	290	390	PRNP	20
1	1350	2	2	0	0.05	0.8	291	391	OR8B8	11
1	1350	2	2	0	0.05	0.8	292	392	ANAPC4	4
1	1350	2	2	0	0.05	0.8	293	393	OR8B4	11
1	1350	2	2	0	0.05	0.8	294	394	ARL4A	7
1	1350	2	2	0	0.05	0.8	295	395	CCL7	17
1	1350	2	2	0	0.05	0.8	296	396	NMT2	10
1	1350	2	2	0	0.05	0.8	297	397	KRT4	12
1	1350	2	2	0	0.05	0.8	298	398	ARHGEF10L	1
1	1350	2	2	0	0.05	0.8	299	399	CCL13	17
1	1350	2	2	0	0.05	0.8	300	400	WHRN	9
1	1350	2	2	0	0.05	0.8	301	401	NKX2-1	14
1	1350	2	2	0	0.05	0.8	302	402	OXR1	8
1	1350	2	2	0	0.05	0.8	303	403	PPFIA4	1
1	1350	2	2	0	0.05	0.8	304	404	TMEM56	1
1	1350	2	2	0	0.05	0.8	305	405	CDH4	20
1	1350	2	2	0	0.05	0.8	306	406	UNC13C	15
1	1350	2	2	0	0.05	0.8	307	407	NAT1	8
1	1350	2	2	0	0.05	0.8	308	408	FKBP4	12
1	1350	2	2	0	0.05	0.8	309	409	CAMKMT	2
1	1350	2	2	0	0.05	0.8	310	410	CYP1B1	2
1	1350	2	2	0	0.05	0.8	311	411	SEPHS1	10
1	1350	2	2	0	0.05	0.8	312	412	ATXN7	3
1	1350	2	2	0	0.05	0.8	313	413	RIMS2	8
1	1350	2	2	0	0.05	0.8	314	414	NCALD	8
1	1350	2	2	0	0.05	0.8	315	415	HLA-E	6
1	1350	2	2	0	0.05	0.8	316	416	CHRM3	1
1	1350	2	2	0	0.05	0.8	317	417	WLS	1
1	1350	2	2	0	0.05	0.8	318	418	RNF214	11
1	1350	2	2	0	0.05	0.8	319	419	ERCC5	13
1	1350	2	2	0	0.05	0.8	320	420	C1orf106	1
1	1350	2	2	0	0.05	0.8	321	421	RIPK1	6
1	1350	2	2	0	0.05	0.8	322	422	RNASE3	14
1	1350	2	2	0	0.05	0.8	323	423	CCDC60	12
1	1350	2	2	0	0.05	0.8	324	424	GABRG3	15
1	1350	2	2	0	0.05	0.8	325	425	AOAH	7
1	1350	2	2	0	0.05	0.8	326	426	SSTR2	17
1	1350	2	2	0	0.05	0.8	327	427	SHB	9
1	1350	2	2	0	0.05	0.8	328	428	TADA2B	4
1	1350	2	2	0	0.05	0.8	329	429	SLC25A21	14
1	1350	2	2	0	0.05	0.8	330	430	TRIM9	14
1	1350	2	2	0	0.05	0.8	331	431	MT1HL1	1
1	1350	2	2	0	0.05	0.8	332	432	CACNB2	10
1	1350	2	2	0	0.05	0.8	333	433	ERBB4	2
1	1350	2	2	0	0.05	0.8	334	434	TTC7A	2
1	1350	2	2	0	0.05	0.8	335	435	NRG3	10
1	1350	2	2	0	0.05	0.8	336	436	ICE2	15
1	1350	2	2	0	0.05	0.8	337	437	PDZRN4	12
1	1350	2	2	0	0.05	0.8	338	438	BTBD11	12
1	1350	2	2	0	0.05	0.8	339	439	TSPAN18	11
1	1350	2	2	0	0.05	0.8	340	440	SELENOS	15
1	1350	2	2	0	0.05	0.8	341	441	ANO4	12
1	1350	2	2	0	0.05	0.8	342	442	WDR43	2
1	1350	2	2	0	0.05	0.8	343	443	LRRC7	1
1	1350	2	2	0	0.05	0.8	344	444	COL11A2	6
1	1350	2	2	0	0.05	0.8	345	445	OTOR	20
1	1350	2	2	0	0.05	0.8	346	446	TRIM26	6
1	1350	2	2	0	0.05	0.8	347	447	C5orf58	5
1	1350	2	2	0	0.05	0.8	348	448	NDRG1	8
1	1350	2	2	0	0.05	0.8	349	449	CCDC172	10
1	1350	2	2	0	0.05	0.8	350	450	TRNT1	3
1	1350	2	2	0	0.05	0.8	351	451	FBXO18	10
1	1350	2	2	0	0.05	0.8	352	452	RAPGEF5	7
1	1350	2	2	0	0.05	0.8	353	453	PMEPA1	20
1	1350	2	2	0	0.05	0.8	354	454	CRBN	3
1	1350	2	2	0	0.05	0.8	355	455	METTL21C	13
1	1350	2	2	0	0.05	0.8	356	456	CFAP54	12
1	1350	2	2	0	0.05	0.8	357	457	C1orf226	1
1	1350	2	2	0	0.05	0.8	358	458	CPNE4	3
1	1350	2	2	0	0.05	0.8	359	459	RYR3	15
1	1350	2	2	0	0.05	0.8	360	460	UCN3	10
1	1350	2	2	0	0.05	0.8	361	461	HEBP1	12
1	1350	2	2	0	0.05	0.8	362	462	STK35	20
1	1350	2	2	0	0.05	0.8	363	463	RIBC2	22
1	1350	2	2	0	0.05	0.8	364	464	EVC2	4
1	1350	2	2	0	0.05	0.8	365	465	TMEM71	8
1	1350	2	2	0	0.05	0.8	366	466	FSHR	2
1	1350	2	2	0	0.05	0.8	367	467	ARHGAP24	4
1	1350	2	2	0	0.05	0.8	368	468	RP11-404P21.8	14
1	1350	2	2	0	0.05	0.8	369	469	MEIS2	15
1	1350	2	2	0	0.05	0.8	370	470	HTRA1	10
1	1350	2	2	0	0.05	0.8	371	471	GLP2R	17
1	1350	2	2	0	0.05	0.8	372	472	KCNC4	1
1	1350	2	2	0	0.05	0.8	373	473	PRPF4B	6
1	1350	2	2	0	0.05	0.8	374	474	OR6S1	14
1	1350	2	2	0	0.05	0.8	375	475	HSBP1	16
1	1350	2	2	0	0.05	0.8	376	476	FAM135B	8
1	1350	2	2	0	0.05	0.8	377	477	SBSPON	8
1	1350	2	2	0	0.05	0.8	378	478	CAMTA1	1
1	1350	2	2	0	0.05	0.8	379	479	R3HCC1	8
1	1350	2	2	0	0.05	0.8	380	480	CA10	17
1	1350	2	2	0	0.05	0.8	381	481	ANLN	7
1	1350	2	2	0	0.05	0.8	382	482	OR51A4	11
1	1350	2	2	0	0.05	0.8	383	483	CCL11	17
1	1350	2	2	0	0.05	0.8	384	484	ACTN2	1
1	1350	2	2	0	0.05	0.8	385	485	SLX4IP	20
1	1350	2	2	0	0.05	0.8	386	486	RBM38	20
1	1350	2	2	0	0.05	0.8	387	487	SIGLECL1	19
1	1350	2	2	0	0.05	0.8	388	488	VHL	3
1	1350	2	2	0	0.05	0.8	389	489	HIST1H4E	6
1	1350	2	2	0	0.05	0.8	390	490	C2orf71	2
1	1350	2	2	0	0.05	0.8	391	491	CMA1	14
1	1350	2	2	0	0.05	0.8	392	492	GPC6	13
1	1350	2	2	0	0.05	0.8	393	493	C1orf94	1
1	1350	2	2	0	0.05	0.8	394	494	UNC5C	4
1	1350	2	2	0	0.05	0.8	395	495	CDKAL1	6
1	1350	2	2	0	0.05	0.8	396	496	ADCY2	5
1	1350	2	2	0	0.05	0.8	397	497	OR52N1	11
1	1350	2	2	0	0.05	0.8	398	498	DUSP27	1
1	1350	2	2	0	0.05	0.8	399	499	KRT78	12
1	1350	2	2	0	0.05	0.8	400	500	SNX25	4
1	1350	2	2	0	0.05	0.8	401	501	KLK13	19
1	1350	2	2	0	0.05	0.8	402	502	DNAH9	17
1	1350	2	2	0	0.05	0.8	403	503	ZNF385B	2
1	1350	2	2	0	0.05	0.8	404	504	ALDH1L2	12
1	1350	2	2	0	0.05	0.8	405	505	UMPS	3
1	1350	2	2	0	0.05	0.8	406	506	PMAIP1	18
1	1350	2	2	0	0.05	0.8	407	507	PDHX	11
1	1350	2	2	0	0.05	0.8	408	508	TEP1	14
1	1350	2	2	0	0.05	0.8	409	509	TRAPPC9	8
1	1350	2	2	0	0.05	0.8	410	510	TDG	12
1	1350	2	2	0	0.05	0.8	411	511	LY6G6E	6
1	1350	2	2	0	0.05	0.8	412	512	NR4A1	12
1	1350	2	2	0	0.05	0.8	413	513	SLC1A1	9
1	1350	2	2	0	0.05	0.8	414	514	FAM196A	10
1	1350	2	2	0	0.05	0.8	415	515	HIST1H2AB	6
1	1350	2	2	0	0.05	0.8	416	516	GMPR	6
1	1350	2	2	0	0.05	0.8	417	517	SLC2A13	12
1	1350	2	2	0	0.05	0.8	418	518	ADCYAP1R1	7
1	1350	2	2	0	0.05	0.8	419	519	HSPA1L	6
1	1350	2	2	0	0.05	0.8	420	520	GALR1	18
1	1350	2	2	0	0.05	0.8	421	521	PRED57	21
1	1350	2	2	0	0.05	0.8	422	522	PRR5-ARHGAP8	22
1	1350	2	2	0	0.05	0.8	423	523	PLEKHA1	10
1	1350	2	2	0	0.05	0.8	424	524	FAM89A	1
1	1350	2	2	0	0.05	0.8	425	525	VASH1	14
1	1350	2	2	0	0.05	0.8	426	526	CST8	20
1	1350	2	2	0	0.05	0.8	427	527	FH	1
1	1350	2	2	0	0.05	0.8	428	528	GPATCH2	1
1	1350	2	2	0	0.05	0.8	429	529	PDZD2	5
1	1350	2	2	0	0.05	0.8	430	530	VPS52	6
1	1350	2	2	0	0.05	0.8	431	531	ITIH5	10
1	1350	2	2	0	0.05	0.8	432	532	OR8B3	11
1	1350	2	2	0	0.05	0.8	433	533	SPP2	2
1	1350	2	2	0	0.05	0.8	434	534	CDH12	5
1	1350	2	2	0	0.05	0.8	435	535	MICALCL	11
1	1350	2	2	0	0.05	0.8	436	536	PDSS2	6
1	1350	2	2	0	0.05	0.8	437	537	TCF19	6
1	1350	2	2	0	0.05	0.8	438	538	MED10	5
1	1350	2	2	0	0.05	0.8	439	539	RP11-212D19.4	11
1	1350	2	2	0	0.05	0.8	440	540	NCK2	2
1	1350	2	2	0	0.05	0.8	441	541	AL161450.1	9
1	1350	2	2	0	0.05	0.8	442	542	CACNA1S	1
1	1350	2	2	0	0.05	0.8	443	543	ZBTB9	6
1	1350	2	2	0	0.05	0.8	444	544	NOP56	20
1	1350	2	2	0	0.05	0.8	445	545	STOX2	4
1	1350	2	2	0	0.05	0.8	446	546	ORC5	7
1	1350	2	2	0	0.05	0.8	447	547	ADARB2	10
1	1350	2	2	0	0.05	0.8	448	548	RBMS3	3
1	1350	2	2	0	0.05	0.8	449	549	RXRA	9
1	1350	2	2	0	0.05	0.8	450	550	DDR1	6
1	1350	2	2	0	0.05	0.8	451	551	ATXN7L1	7
1	1350	2	2	0	0.05	0.8	452	552	LRRK1	15
1	1350	2	2	0	0.05	0.8	453	553	OR56A1	11
1	1350	2	2	0	0.05	0.8	454	554	HMGN1	21
1	1350	2	2	0	0.05	0.8	455	555	LIM2	19
1	1350	2	2	0	0.05	0.8	456	556	RP11-545J16.1	12
1	1350	2	2	0	0.05	0.8	457	557	NLRP11	19
1	1350	2	2	0	0.05	0.8	458	558	ARHGAP25	2
1	1350	2	2	0	0.05	0.8	459	559	ARHGAP15	2
1	1350	2	2	0	0.05	0.8	460	560	MUSK	9
1	1350	2	2	0	0.05	0.8	461	561	PIP5K1B	9
1	1350	2	2	0	0.05	0.8	462	562	SORCS2	4
1	1350	2	2	0	0.05	0.8	463	563	FGFBP2	4
1	1350	2	2	0	0.05	0.8	464	564	SYN2	3
1	1350	2	2	0	0.05	0.8	465	565	MDGA2	14
1	1350	2	2	0	0.05	0.8	466	566	NUF2	1
1	1350	2	2	0	0.05	0.8	467	567	KCNH5	14
1	1350	2	2	0	0.05	0.8	468	568	RFPL3S	22
1	1350	2	2	0	0.05	0.8	469	569	PCK1	20
1	1350	2	2	0	0.05	0.8	470	570	SYNJ2BP-COX16	14
1	1350	2	2	0	0.05	0.8	471	571	LDLRAD4	18
1	1350	2	2	0	0.05	0.8	472	572	METAP2	12
1	1350	2	2	0	0.05	0.8	473	573	ORM2	9
1	1350	2	2	0	0.05	0.8	474	574	TRIM68	11
1	1350	2	2	0	0.05	0.8	475	575	COMMD10	5
1	1350	2	2	0	0.05	0.8	476	576	PAX9	14
1	1350	2	2	0	0.05	0.8	477	577	HRH4	18
1	1350	2	2	0	0.05	0.8	478	578	TSNAX-DISC1	1
1	1350	2	2	0	0.05	0.8	479	579	SRPRA	11
1	1350	2	2	0	0.05	0.8	480	580	LPIN1	2
1	1350	2	2	0	0.05	0.8	481	581	AMBP	9
1	1350	2	2	0	0.05	0.8	482	582	GALNT18	11
1	1350	2	2	0	0.05	0.8	483	583	MAP1LC3B	16
1	1350	2	2	0	0.05	0.8	484	584	TST	22
1	1350	2	2	0	0.05	0.8	485	585	SHANK2	11
1	1350	2	2	0	0.05	0.8	486	586	RAD51B	14
1	1350	2	2	0	0.05	0.8	487	587	TTC13	1
1	1350	2	2	0	0.05	0.8	488	588	C8orf74	8
1	1350	2	2	0	0.05	0.8	489	589	KLF6	10
1	1350	2	2	0	0.05	0.8	490	590	MPP6	7
1	1350	2	2	0	0.05	0.8	491	591	TMEM132D	12
1	1350	2	2	0	0.05	0.8	492	592	PLCB4	20
1	1350	2	2	0	0.05	0.8	493	593	AUH	9
1	1350	2	2	0	0.05	0.8	494	594	SH3GL2	9
1	1350	2	2	0	0.05	0.8	495	595	SERPINA1	14
1	1350	2	2	0	0.05	0.8	496	596	PPP1R18	6
1	1350	2	2	0	0.05	0.8	497	597	TENM4	11
1	1350	2	2	0	0.05	0.8	498	598	ST6GALNAC3	1
1	1350	2	2	0	0.05	0.8	499	599	CES5A	16
1	1350	2	2	0	0.05	0.8	500	600	BNIP3L	8
2	450	2	2	0	0.05	0.8	1	601	HMX2	10
2	450	2	2	0	0.05	0.8	2	602	ITFG2	12
2	450	2	2	0	0.05	0.8	3	603	ZBTB16	11
2	450	2	2	0	0.05	0.8	4	604	SLC24A3	20
2	450	2	2	0	0.05	0.8	5	605	CD33	19
2	450	2	2	0	0.05	0.8	6	606	TRDMT1	10
2	450	2	2	0	0.05	0.8	7	607	OR51B4	11
2	450	2	2	0	0.05	0.8	8	608	INPP4B	4
2	450	2	2	0	0.05	0.8	9	609	NT5DC3	12
2	450	2	2	0	0.05	0.8	10	610	PREX1	20
2	450	2	2	0	0.05	0.8	11	611	GPR75-ASB3	2
2	450	2	2	0	0.05	0.8	12	612	C2orf61	2
2	450	2	2	0	0.05	0.8	13	613	RAC2	22
2	450	2	2	0	0.05	0.8	14	614	WDR4	21
2	450	2	2	0	0.05	0.8	15	615	GALNT8	12
2	450	2	2	0	0.05	0.8	16	616	KDM4C	9
2	450	2	2	0	0.05	0.8	17	617	DNAH14	1
2	450	2	2	0	0.05	0.8	18	618	DUSP16	12
2	450	2	2	0	0.05	0.8	19	619	ASB13	10
2	450	2	2	0	0.05	0.8	20	620	KRT86	12
2	450	2	2	0	0.05	0.8	21	621	BACE2	21
2	450	2	2	0	0.05	0.8	22	622	RAD51AP1	12
2	450	2	2	0	0.05	0.8	23	623	LMO7	13
2	450	2	2	0	0.05	0.8	24	624	GRM8	7
2	450	2	2	0	0.05	0.8	25	625	SSC5D	19
2	450	2	2	0	0.05	0.8	26	626	RP11-986E7.7	14
2	450	2	2	0	0.05	0.8	27	627	SV2C	5
2	450	2	2	0	0.05	0.8	28	628	SULT4A1	22
2	450	2	2	0	0.05	0.8	29	629	ZFAND6	15
2	450	2	2	0	0.05	0.8	30	630	CAGE1	6
2	450	2	2	0	0.05	0.8	31	631	CDYL	6
2	450	2	2	0	0.05	0.8	32	632	PRRC2C	1
2	450	2	2	0	0.05	0.8	33	633	CCT5	5
2	450	2	2	0	0.05	0.8	34	634	NCF4	22
2	450	2	2	0	0.05	0.8	35	635	AC005477.1	14
2	450	2	2	0	0.05	0.8	36	636	SORBS2	4
2	450	2	2	0	0.05	0.8	37	637	NPVF	7
2	450	2	2	0	0.05	0.8	38	638	C5orf49	5
2	450	2	2	0	0.05	0.8	39	639	PHTF2	7
2	450	2	2	0	0.05	0.8	40	640	USP47	11
2	450	2	2	0	0.05	0.8	41	641	TMEM132B	12
2	450	2	2	0	0.05	0.8	42	642	RP11-514O12.4	6
2	450	2	2	0	0.05	0.8	43	643	KLHL33	14
2	450	2	2	0	0.05	0.8	44	644	USPL1	13
2	450	2	2	0	0.05	0.8	45	645	TATDN2	3
2	450	2	2	0	0.05	0.8	46	646	OR56A3	11
2	450	2	2	0	0.05	0.8	47	647	SCN3B	11
2	450	2	2	0	0.05	0.8	48	648	ATG5	6
2	450	2	2	0	0.05	0.8	49	649	LEKR1	3
2	450	2	2	0	0.05	0.8	50	650	TOGARAM2	2
2	450	2	2	0	0.05	0.8	51	651	GPLD1	6
2	450	2	2	0	0.05	0.8	52	652	FGL1	8
2	450	2	2	0	0.05	0.8	53	653	SUN3	7
2	450	2	2	0	0.05	0.8	54	654	CTD-2010I16.2	11
2	450	2	2	0	0.05	0.8	55	655	ZNF613	19
2	450	2	2	0	0.05	0.8	56	656	ALPK2	18
2	450	2	2	0	0.05	0.8	57	657	PCBD1	10
2	450	2	2	0	0.05	0.8	58	658	HIST1H4C	6
2	450	2	2	0	0.05	0.8	59	659	IL18RAP	2
2	450	2	2	0	0.05	0.8	60	660	OR51T1	11
2	450	2	2	0	0.05	0.8	61	661	PRKG1	10
2	450	2	2	0	0.05	0.8	62	662	ZNF577	19
2	450	2	2	0	0.05	0.8	63	663	IPO8	12
2	450	2	2	0	0.05	0.8	64	664	NXT1	20
2	450	2	2	0	0.05	0.8	65	665	GCOM1	15
2	450	2	2	0	0.05	0.8	66	666	C18orf63	18
2	450	2	2	0	0.05	0.8	67	667	SHISA9	16
2	450	2	2	0	0.05	0.8	68	668	KIAA0930	22
2	450	2	2	0	0.05	0.8	69	669	KIFC3	16
2	450	2	2	0	0.05	0.8	70	670	AGPAT5	8
2	450	2	2	0	0.05	0.8	71	671	RP11-717K11.2	4
2	450	2	2	0	0.05	0.8	72	672	LPCAT2	16
2	450	2	2	0	0.05	0.8	73	673	RELL1	4
2	450	2	2	0	0.05	0.8	74	674	HTRA3	4
2	450	2	2	0	0.05	0.8	75	675	AL139080.1	13
2	450	2	2	0	0.05	0.8	76	676	CBLN3	14
2	450	2	2	0	0.05	0.8	77	677	GCFC2	2
2	450	2	2	0	0.05	0.8	78	678	PIM1	6
2	450	2	2	0	0.05	0.8	79	679	SYNE1	6
2	450	2	2	0	0.05	0.8	80	680	C18orf25	18
2	450	2	2	0	0.05	0.8	81	681	AC055736.1	12
2	450	2	2	0	0.05	0.8	82	682	DNAJC15	13
2	450	2	2	0	0.05	0.8	83	683	AIFM2	10
2	450	2	2	0	0.05	0.8	84	684	PTPRE	10
2	450	2	2	0	0.05	0.8	85	685	RANBP17	5
2	450	2	2	0	0.05	0.8	86	686	TXNDC5	6
2	450	2	2	0	0.05	0.8	87	687	SGIP1	1
2	450	2	2	0	0.05	0.8	88	688	GLIS3	9
2	450	2	2	0	0.05	0.8	89	689	TBC1D5	3
2	450	2	2	0	0.05	0.8	90	690	TMCC2	1
2	450	2	2	0	0.05	0.8	91	691	RNASE9	14
2	450	2	2	0	0.05	0.8	92	692	MBD1	18
2	450	2	2	0	0.05	0.8	93	693	GRP	18
2	450	2	2	0	0.05	0.8	94	694	ETAA1	2
2	450	2	2	0	0.05	0.8	95	695	RELN	7
2	450	2	2	0	0.05	0.8	96	696	CD44	11
2	450	2	2	0	0.05	0.8	97	697	DCHS1	11
2	450	2	2	0	0.05	0.8	98	698	NEU1	6
2	450	2	2	0	0.05	0.8	99	699	TCF15	20
2	450	2	2	0	0.05	0.8	100	700	PPM1H	12
2	450	2	2	0	0.05	0.8	101	701	TRPA1	8
2	450	2	2	0	0.05	0.8	102	702	NOL10	2
2	450	2	2	0	0.05	0.8	103	703	TUB	11
2	450	2	2	0	0.05	0.8	104	704	EID3	12
2	450	2	2	0	0.05	0.8	105	705	CCDC129	7
2	450	2	2	0	0.05	0.8	106	706	HSPA8	11
2	450	2	2	0	0.05	0.8	107	707	KRT85	12
2	450	2	2	0	0.05	0.8	108	708	STARD3NL	7
2	450	2	2	0	0.05	0.8	109	709	SPDL1	5
2	450	2	2	0	0.05	0.8	110	710	RNASE4	14
2	450	2	2	0	0.05	0.8	111	711	LSM3	3
2	450	2	2	0	0.05	0.8	112	712	HLA-DRB5	6
2	450	2	2	0	0.05	0.8	113	713	ATXN1	6
2	450	2	2	0	0.05	0.8	114	714	EIF4B	12
2	450	2	2	0	0.05	0.8	115	715	NRXN1	2
2	450	2	2	0	0.05	0.8	116	716	AL162389.1	9
2	450	2	2	0	0.05	0.8	117	717	ADCY8	8
2	450	2	2	0	0.05	0.8	118	718	SLC29A3	10
2	450	2	2	0	0.05	0.8	119	719	NME7	1
2	450	2	2	0	0.05	0.8	120	720	PRR15	7
2	450	2	2	0	0.05	0.8	121	721	NXPE4	11
2	450	2	2	0	0.05	0.8	122	722	ASB2	14
2	450	2	2	0	0.05	0.8	123	723	PFDN6	6
2	450	2	2	0	0.05	0.8	124	724	AC007377.1	2
2	450	2	2	0	0.05	0.8	125	725	TNR	1
2	450	2	2	0	0.05	0.8	126	726	KRT75	12
2	450	2	2	0	0.05	0.8	127	727	DTD1	20
2	450	2	2	0	0.05	0.8	128	728	SMCHD1	18
2	450	2	2	0	0.05	0.8	129	729	RCAN2	6
2	450	2	2	0	0.05	0.8	130	730	PKNOX2	11
2	450	2	2	0	0.05	0.8	131	731	TUSC3	8
2	450	2	2	0	0.05	0.8	132	732	ANGPT1	8
2	450	2	2	0	0.05	0.8	133	733	KRT82	12
2	450	2	2	0	0.05	0.8	134	734	RTN4	2
2	450	2	2	0	0.05	0.8	135	735	EHMT2	6
2	450	2	2	0	0.05	0.8	136	736	OR2AG2	11
2	450	2	2	0	0.05	0.8	137	737	ZNF831	20
2	450	2	2	0	0.05	0.8	138	738	HJURP	2
2	450	2	2	0	0.05	0.8	139	739	KIAA1644	22
2	450	2	2	0	0.05	0.8	140	740	OR56B1	11
2	450	2	2	0	0.05	0.8	141	741	IPO9	1
2	450	2	2	0	0.05	0.8	142	742	SUPT3H	6
2	450	2	2	0	0.05	0.8	143	743	ASTN2	9
2	450	2	2	0	0.05	0.8	144	744	KSR2	12
2	450	2	2	0	0.05	0.8	145	745	PLXNC1	12
2	450	2	2	0	0.05	0.8	146	746	ZNF354A	5
2	450	2	2	0	0.05	0.8	147	747	TBC1D20	20
2	450	2	2	0	0.05	0.8	148	748	PHLDB2	3
2	450	2	2	0	0.05	0.8	149	749	ITPR3	6
2	450	2	2	0	0.05	0.8	150	750	LCP2	5
2	450	2	2	0	0.05	0.8	151	751	TNFRSF10D	8
2	450	2	2	0	0.05	0.8	152	752	DMRT1	9
2	450	2	2	0	0.05	0.8	153	753	CACNA2D1	7
2	450	2	2	0	0.05	0.8	154	754	MATN1	1
2	450	2	2	0	0.05	0.8	155	755	SLCO1B1	12
2	450	2	2	0	0.05	0.8	156	756	MKI67	10
2	450	2	2	0	0.05	0.8	157	757	SLC15A1	13
2	450	2	2	0	0.05	0.8	158	758	PDE3A	12
2	450	2	2	0	0.05	0.8	159	759	COL27A1	9
2	450	2	2	0	0.05	0.8	160	760	DDAH2	6
2	450	2	2	0	0.05	0.8	161	761	ABHD16A	6
2	450	2	2	0	0.05	0.8	162	762	CAMK2D	4
2	450	2	2	0	0.05	0.8	163	763	ATOX1	5
2	450	2	2	0	0.05	0.8	164	764	ADAMTS16	5
2	450	2	2	0	0.05	0.8	165	765	TMEM260	14
2	450	2	2	0	0.05	0.8	166	766	PPP1R9A	7
2	450	2	2	0	0.05	0.8	167	767	RCVRN	17
2	450	2	2	0	0.05	0.8	168	768	RP11-295P9.13	10
2	450	2	2	0	0.05	0.8	169	769	LRRFIP1	2
2	450	2	2	0	0.05	0.8	170	770	AC008372.1	14
2	450	2	2	0	0.05	0.8	171	771	SLC52A3	20
2	450	2	2	0	0.05	0.8	172	772	TNFRSF19	13
2	450	2	2	0	0.05	0.8	173	773	TMEM268	9
2	450	2	2	0	0.05	0.8	174	774	CCDC91	12
2	450	2	2	0	0.05	0.8	175	775	MEF2A	15
2	450	2	2	0	0.05	0.8	176	776	ATP6V1B2	8
2	450	2	2	0	0.05	0.8	177	777	RIOK1	6
2	450	2	2	0	0.05	0.8	178	778	REG1A	2
2	450	2	2	0	0.05	0.8	179	779	RP1L1	8
2	450	2	2	0	0.05	0.8	180	780	NAT2	8
2	450	2	2	0	0.05	0.8	181	781	STK38	6
2	450	2	2	0	0.05	0.8	182	782	SACS	13
2	450	2	2	0	0.05	0.8	183	783	ADGRL2	1
2	450	2	2	0	0.05	0.8	184	784	HBD	11
2	450	2	2	0	0.05	0.8	185	785	MDM1	12
2	450	2	2	0	0.05	0.8	186	786	TXN	9
2	450	2	2	0	0.05	0.8	187	787	SHISA6	17
2	450	2	2	0	0.05	0.8	188	788	CCDC174	3
2	450	2	2	0	0.05	0.8	189	789	CPLX4	18
2	450	2	2	0	0.05	0.8	190	790	NPAS3	14
2	450	2	2	0	0.05	0.8	191	791	QRSL1	6
2	450	2	2	0	0.05	0.8	192	792	KCNMB2	3
2	450	2	2	0	0.05	0.8	193	793	UGT1A8	2
2	450	2	2	0	0.05	0.8	194	794	SERPINB3	18
2	450	2	2	0	0.05	0.8	195	795	ACBD7	10
2	450	2	2	0	0.05	0.8	196	796	TIAM2	6
2	450	2	2	0	0.05	0.8	197	797	VAPA	18
2	450	2	2	0	0.05	0.8	198	798	TTC33	5
2	450	2	2	0	0.05	0.8	199	799	TYSND1	10
2	450	2	2	0	0.05	0.8	200	800	CSMD1	8
2	450	2	2	0	0.05	0.8	201	801	ADAMTS5	21
2	450	2	2	0	0.05	0.8	202	802	C20orf85	20
2	450	2	2	0	0.05	0.8	203	803	ZNF407	18
2	450	2	2	0	0.05	0.8	204	804	PGM2	4
2	450	2	2	0	0.05	0.8	205	805	HTR4	5
2	450	2	2	0	0.05	0.8	206	806	SIGLEC12	19
2	450	2	2	0	0.05	0.8	207	807	SMARCA2	9
2	450	2	2	0	0.05	0.8	208	808	ZNF423	16
2	450	2	2	0	0.05	0.8	209	809	BBS9	7
2	450	2	2	0	0.05	0.8	210	810	AC005281.1	7
2	450	2	2	0	0.05	0.8	211	811	EVC	4
2	450	2	2	0	0.05	0.8	212	812	C1QTNF6	22
2	450	2	2	0	0.05	0.8	213	813	OR52W1	11
2	450	2	2	0	0.05	0.8	214	814	LRFN2	6
2	450	2	2	0	0.05	0.8	215	815	RHOBTB2	8
2	450	2	2	0	0.05	0.8	216	816	COL4A3	2
2	450	2	2	0	0.05	0.8	217	817	NFYB	12
2	450	2	2	0	0.05	0.8	218	818	FER1L6	8
2	450	2	2	0	0.05	0.8	219	819	CD38	4
2	450	2	2	0	0.05	0.8	220	820	FZD4	11
2	450	2	2	0	0.05	0.8	221	821	SDCBP2	20
2	450	2	2	0	0.05	0.8	222	822	PKNOX1	21
2	450	2	2	0	0.05	0.8	223	823	STXBP4	17
2	450	2	2	0	0.05	0.8	224	824	CNTNAP4	16
2	450	2	2	0	0.05	0.8	225	825	ELF5	11
2	450	2	2	0	0.05	0.8	226	826	CANT1	17
2	450	2	2	0	0.05	0.8	227	827	MYH13	17
2	450	2	2	0	0.05	0.8	228	828	SPTLC3	20
2	450	2	2	0	0.05	0.8	229	829	CLVS1	8
2	450	2	2	0	0.05	0.8	230	830	NTM	11
2	450	2	2	0	0.05	0.8	231	831	PACRG	6
2	450	2	2	0	0.05	0.8	232	832	CHST9	18
2	450	2	2	0	0.05	0.8	233	833	COX4I1	16
2	450	2	2	0	0.05	0.8	234	834	CST3	20
2	450	2	2	0	0.05	0.8	235	835	MYO5B	18
2	450	2	2	0	0.05	0.8	236	836	NEBL	10
2	450	2	2	0	0.05	0.8	237	837	OR51V1	11
2	450	2	2	0	0.05	0.8	238	838	KLF4	9
2	450	2	2	0	0.05	0.8	239	839	MYT1L	2
2	450	2	2	0	0.05	0.8	240	840	OR51B5	11
2	450	2	2	0	0.05	0.8	241	841	FAT2	5
2	450	2	2	0	0.05	0.8	242	842	EPHB1	3
2	450	2	2	0	0.05	0.8	243	843	RUNX1	21
2	450	2	2	0	0.05	0.8	244	844	UNC5CL	6
2	450	2	2	0	0.05	0.8	245	845	FAM155A	13
2	450	2	2	0	0.05	0.8	246	846	GLP1R	6
2	450	2	2	0	0.05	0.8	247	847	CFB	6
2	450	2	2	0	0.05	0.8	248	848	CIITA	16
2	450	2	2	0	0.05	0.8	249	849	ACTL7A	9
2	450	2	2	0	0.05	0.8	250	850	FTO	16
2	450	2	2	0	0.05	0.8	251	851	ZWILCH	15
2	450	2	2	0	0.05	0.8	252	852	MCTP2	15
2	450	2	2	0	0.05	0.8	253	853	ANKS1B	12
2	450	2	2	0	0.05	0.8	254	854	TACR1	2
2	450	2	2	0	0.05	0.8	255	855	ZFAT	8
2	450	2	2	0	0.05	0.8	256	856	CPSF2	14
2	450	2	2	0	0.05	0.8	257	857	SASH1	6
2	450	2	2	0	0.05	0.8	258	858	VPS13A	9
2	450	2	2	0	0.05	0.8	259	859	TXNDC8	9
2	450	2	2	0	0.05	0.8	260	860	CTCFL	20
2	450	2	2	0	0.05	0.8	261	861	AGGF1	5
2	450	2	2	0	0.05	0.8	262	862	MEGF11	15
2	450	2	2	0	0.05	0.8	263	863	ETFB	19
2	450	2	2	0	0.05	0.8	264	864	PIH1	16
2	450	2	2	0	0.05	0.8	265	865	FAM92B	16
2	450	2	2	0	0.05	0.8	266	866	HIST1H3A	6
2	450	2	2	0	0.05	0.8	267	867	OSGEP	14
2	450	2	2	0	0.05	0.8	268	868	SUV39H2	10
2	450	2	2	0	0.05	0.8	269	869	SLC14A2	18
2	450	2	2	0	0.05	0.8	270	870	F2R	5
2	450	2	2	0	0.05	0.8	271	871	ABHD4	14
2	450	2	2	0	0.05	0.8	272	872	STRN	2
2	450	2	2	0	0.05	0.8	273	873	CUBN	10
2	450	2	2	0	0.05	0.8	274	874	TEX36	10
2	450	2	2	0	0.05	0.8	275	875	RPS18	6
2	450	2	2	0	0.05	0.8	276	876	XXbac-BPG32J3.19	6
2	450	2	2	0	0.05	0.8	277	877	CORO2A	9
2	450	2	2	0	0.05	0.8	278	878	RRM2	2
2	450	2	2	0	0.05	0.8	279	879	ZNF350	19
2	450	2	2	0	0.05	0.8	280	880	PFKP	10
2	450	2	2	0	0.05	0.8	281	881	KIF21B	1
2	450	2	2	0	0.05	0.8	282	882	PPP2R2A	8
2	450	2	2	0	0.05	0.8	283	883	SH2D4B	10
2	450	2	2	0	0.05	0.8	284	884	KCTD17	22
2	450	2	2	0	0.05	0.8	285	885	ARHGAP44	17
2	450	2	2	0	0.05	0.8	286	886	CLDN23	8
2	450	2	2	0	0.05	0.8	287	887	MOCS2	5
2	450	2	2	0	0.05	0.8	288	888	HSD17B7	1
2	450	2	2	0	0.05	0.8	289	889	AKR1C2	10
2	450	2	2	0	0.05	0.8	290	890	PRNP	20
2	450	2	2	0	0.05	0.8	291	891	OR8B8	11
2	450	2	2	0	0.05	0.8	292	892	ANAPC4	4
2	450	2	2	0	0.05	0.8	293	893	OR8B4	11
2	450	2	2	0	0.05	0.8	294	894	ARL4A	7
2	450	2	2	0	0.05	0.8	295	895	CCL7	17
2	450	2	2	0	0.05	0.8	296	896	NMT2	10
2	450	2	2	0	0.05	0.8	297	897	KRT4	12
2	450	2	2	0	0.05	0.8	298	898	ARHGEF10L	1
2	450	2	2	0	0.05	0.8	299	899	CCL13	17
2	450	2	2	0	0.05	0.8	300	900	WHRN	9
2	450	2	2	0	0.05	0.8	301	901	NKX2-1	14
2	450	2	2	0	0.05	0.8	302	902	OXR1	8
2	450	2	2	0	0.05	0.8	303	903	PPFIA4	1
2	450	2	2	0	0.05	0.8	304	904	TMEM56	1
2	450	2	2	0	0.05	0.8	305	905	CDH4	20
2	450	2	2	0	0.05	0.8	306	906	UNC13C	15
2	450	2	2	0	0.05	0.8	307	907	NAT1	8
2	450	2	2	0	0.05	0.8	308	908	FKBP4	12
2	450	2	2	0	0.05	0.8	309	909	CAMKMT	2
2	450	2	2	0	0.05	0.8	310	910	CYP1B1	2
2	450	2	2	0	0.05	0.8	311	911	SEPHS1	10
2	450	2	2	0	0.05	0.8	312	912	ATXN7	3
2	450	2	2	0	0.05	0.8	313	913	RIMS2	8
2	450	2	2	0	0.05	0.8	314	914	NCALD	8
2	450	2	2	0	0.05	0.8	315	915	HLA-E	6
2	450	2	2	0	0.05	0.8	316	916	CHRM3	1
2	450	2	2	0	0.05	0.8	317	917	WLS	1
2	450	2	2	0	0.05	0.8	318	918	RNF214	11
2	450	2	2	0	0.05	0.8	319	919	ERCC5	13
2	450	2	2	0	0.05	0.8	320	920	C1orf106	1
2	450	2	2	0	0.05	0.8	321	921	RIPK1	6
2	450	2	2	0	0.05	0.8	322	922	RNASE3	14
2	450	2	2	0	0.05	0.8	323	923	CCDC60	12
2	450	2	2	0	0.05	0.8	324	924	GABRG3	15
2	450	2	2	0	0.05	0.8	325	925	AOAH	7
2	450	2	2	0	0.05	0.8	326	926	SSTR2	17
2	450	2	2	0	0.05	0.8	327	927	SHB	9
2	450	2	2	0	0.05	0.8	328	928	TADA2B	4
2	450	2	2	0	0.05	0.8	329	929	SLC25A21	14
2	450	2	2	0	0.05	0.8	330	930	TRIM9	14
2	450	2	2	0	0.05	0.8	331	931	MT1HL1	1
2	450	2	2	0	0.05	0.8	332	932	CACNB2	10
2	450	2	2	0	0.05	0.8	333	933	ERBB4	2
2	450	2	2	0	0.05	0.8	334	934	TTC7A	2
2	450	2	2	0	0.05	0.8	335	935	NRG3	10
2	450	2	2	0	0.05	0.8	336	936	ICE2	15
2	450	2	2	0	0.05	0.8	337	937	PDZRN4	12
2	450	2	2	0	0.05	0.8	338	938	BTBD11	12
2	450	2	2	0	0.05	0.8	339	939	TSPAN18	11
2	450	2	2	0	0.05	0.8	340	940	SELENOS	15
2	450	2	2	0	0.05	0.8	341	941	ANO4	12
2	450	2	2	0	0.05	0.8	342	942	WDR43	2
2	450	2	2	0	0.05	0.8	343	943	LRRC7	1
2	450	2	2	0	0.05	0.8	344	944	COL11A2	6
2	450	2	2	0	0.05	0.8	345	945	OTOR	20
2	450	2	2	0	0.05	0.8	346	946	TRIM26	6
2	450	2	2	0	0.05	0.8	347	947	C5orf58	5
2	450	2	2	0	0.05	0.8	348	948	NDRG1	8
2	450	2	2	0	0.05	0.8	349	949	CCDC172	10
2	450	2	2	0	0.05	0.8	350	950	TRNT1	3
2	450	2	2	0	0.05	0.8	351	951	FBXO18	10
2	450	2	2	0	0.05	0.8	352	952	RAPGEF5	7
2	450	2	2	0	0.05	0.8	353	953	PMEPA1	20
2	450	2	2	0	0.05	0.8	354	954	CRBN	3
2	450	2	2	0	0.05	0.8	355	955	METTL21C	13
2	450	2	2	0	0.05	0.8	356	956	CFAP54	12
2	450	2	2	0	0.05	0.8	357	957	C1orf226	1
2	450	2	2	0	0.05	0.8	358	958	CPNE4	3
2	450	2	2	0	0.05	0.8	359	959	RYR3	15
2	450	2	2	0	0.05	0.8	360	960	UCN3	10
2	450	2	2	0	0.05	0.8	361	961	HEBP1	12
2	450	2	2	0	0.05	0.8	362	962	STK35	20
2	450	2	2	0	0.05	0.8	363	963	RIBC2	22
2	450	2	2	0	0.05	0.8	364	964	EVC2	4
2	450	2	2	0	0.05	0.8	365	965	TMEM71	8
2	450	2	2	0	0.05	0.8	366	966	FSHR	2
2	450	2	2	0	0.05	0.8	367	967	ARHGAP24	4
2	450	2	2	0	0.05	0.8	368	968	RP11-404P21.8	14
2	450	2	2	0	0.05	0.8	369	969	MEIS2	15
2	450	2	2	0	0.05	0.8	370	970	HTRA1	10
2	450	2	2	0	0.05	0.8	371	971	GLP2R	17
2	450	2	2	0	0.05	0.8	372	972	KCNC4	1
2	450	2	2	0	0.05	0.8	373	973	PRPF4B	6
2	450	2	2	0	0.05	0.8	374	974	OR6S1	14
2	450	2	2	0	0.05	0.8	375	975	HSBP1	16
2	450	2	2	0	0.05	0.8	376	976	FAM135B	8
2	450	2	2	0	0.05	0.8	377	977	SBSPON	8
2	450	2	2	0	0.05	0.8	378	978	CAMTA1	1
2	450	2	2	0	0.05	0.8	379	979	R3HCC1	8
2	450	2	2	0	0.05	0.8	380	980	CA10	17
2	450	2	2	0	0.05	0.8	381	981	ANLN	7
2	450	2	2	0	0.05	0.8	382	982	OR51A4	11
2	450	2	2	0	0.05	0.8	383	983	CCL11	17
2	450	2	2	0	0.05	0.8	384	984	ACTN2	1
2	450	2	2	0	0.05	0.8	385	985	SLX4IP	20
2	450	2	2	0	0.05	0.8	386	986	RBM38	20
2	450	2	2	0	0.05	0.8	387	987	SIGLECL1	19
2	450	2	2	0	0.05	0.8	388	988	VHL	3
2	450	2	2	0	0.05	0.8	389	989	HIST1H4E	6
2	450	2	2	0	0.05	0.8	390	990	C2orf71	2
2	450	2	2	0	0.05	0.8	391	991	CMA1	14
2	450	2	2	0	0.05	0.8	392	992	GPC6	13
2	450	2	2	0	0.05	0.8	393	993	C1orf94	1
2	450	2	2	0	0.05	0.8	394	994	UNC5C	4
2	450	2	2	0	0.05	0.8	395	995	CDKAL1	6
2	450	2	2	0	0.05	0.8	396	996	ADCY2	5
2	450	2	2	0	0.05	0.8	397	997	OR52N1	11
2	450	2	2	0	0.05	0.8	398	998	DUSP27	1
2	450	2	2	0	0.05	0.8	399	999	KRT78	12
2	450	2	2	0	0.05	0.8	400	1000	SNX25	4
2	450	2	2	0	0.05	0.8	401	1001	KLK13	19
2	450	2	2	0	0.05	0.8	402	1002	DNAH9	17
2	450	2	2	0	0.05	0.8	403	1003	ZNF385B	2
2	450	2	2	0	0.05	0.8	404	1004	ALDH1L2	12
2	450	2	2	0	0.05	0.8	405	1005	UMPS	3
2	450	2	2	0	0.05	0.8	406	1006	PMAIP1	18
2	450	2	2	0	0.05	0.8	407	1007	PDHX	11
2	450	2	2	0	0.05	0.8	408	1008	TEP1	14
2	450	2	2	0	0.05	0.8	409	1009	TRAPPC9	8
2	450	2	2	0	0.05	0.8	410	1010	TDG	12
2	450	2	2	0	0.05	0.8	411	1011	LY6G6E	6
2	450	2	2	0	0.05	0.8	412	1012	NR4A1	12
2	450	2	2	0	0.05	0.8	413	1013	SLC1A1	9
2	450	2	2	0	0.05	0.8	414	1014	FAM196A	10
2	450	2	2	0	0.05	0.8	415	1015	HIST1H2AB	6
2	450	2	2	0	0.05	0.8	416	1016	GMPR	6
2	450	2	2	0	0.05	0.8	417	1017	SLC2A13	12
2	450	2	2	0	0.05	0.8	418	1018	ADCYAP1R1	7
2	450	2	2	0	0.05	0.8	419	1019	HSPA1L	6
2	450	2	2	0	0.05	0.8	420	1020	GALR1	18
2	450	2	2	0	0.05	0.8	421	1021	PRED57	21
2	450	2	2	0	0.05	0.8	422	1022	PRR5-ARHGAP8	22
2	450	2	2	0	0.05	0.8	423	1023	PLEKHA1	10
2	450	2	2	0	0.05	0.8	424	1024	FAM89A	1
2	450	2	2	0	0.05	0.8	425	1025	VASH1	14
2	450	2	2	0	0.05	0.8	426	1026	CST8	20
2	450	2	2	0	0.05	0.8	427	1027	FH	1
2	450	2	2	0	0.05	0.8	428	1028	GPATCH2	1
2	450	2	2	0	0.05	0.8	429	1029	PDZD2	5
2	450	2	2	0	0.05	0.8	430	1030	VPS52	6
2	450	2	2	0	0.05	0.8	431	1031	ITIH5	10
2	450	2	2	0	0.05	0.8	432	1032	OR8B3	11
2	450	2	2	0	0.05	0.8	433	1033	SPP2	2
2	450	2	2	0	0.05	0.8	434	1034	CDH12	5
2	450	2	2	0	0.05	0.8	435	1035	MICALCL	11
2	450	2	2	0	0.05	0.8	436	1036	PDSS2	6
2	450	2	2	0	0.05	0.8	437	1037	TCF19	6
2	450	2	2	0	0.05	0.8	438	1038	MED10	5
2	450	2	2	0	0.05	0.8	439	1039	RP11-212D19.4	11
2	450	2	2	0	0.05	0.8	440	1040	NCK2	2
2	450	2	2	0	0.05	0.8	441	1041	AL161450.1	9
2	450	2	2	0	0.05	0.8	442	1042	CACNA1S	1
2	450	2	2	0	0.05	0.8	443	1043	ZBTB9	6
2	450	2	2	0	0.05	0.8	444	1044	NOP56	20
2	450	2	2	0	0.05	0.8	445	1045	STOX2	4
2	450	2	2	0	0.05	0.8	446	1046	ORC5	7
2	450	2	2	0	0.05	0.8	447	1047	ADARB2	10
2	450	2	2	0	0.05	0.8	448	1048	RBMS3	3
2	450	2	2	0	0.05	0.8	449	1049	RXRA	9
2	450	2	2	0	0.05	0.8	450	1050	DDR1	6
2	450	2	2	0	0.05	0.8	451	1051	ATXN7L1	7
2	450	2	2	0	0.05	0.8	452	1052	LRRK1	15
2	450	2	2	0	0.05	0.8	453	1053	OR56A1	11
2	450	2	2	0	0.05	0.8	454	1054	HMGN1	21
2	450	2	2	0	0.05	0.8	455	1055	LIM2	19
2	450	2	2	0	0.05	0.8	456	1056	RP11-545J16.1	12
2	450	2	2	0	0.05	0.8	457	1057	NLRP11	19
2	450	2	2	0	0.05	0.8	458	1058	ARHGAP25	2
2	450	2	2	0	0.05	0.8	459	1059	ARHGAP15	2
2	450	2	2	0	0.05	0.8	460	1060	MUSK	9
2	450	2	2	0	0.05	0.8	461	1061	PIP5K1B	9
2	450	2	2	0	0.05	0.8	462	1062	SORCS2	4
2	450	2	2	0	0.05	0.8	463	1063	FGFBP2	4
2	450	2	2	0	0.05	0.8	464	1064	SYN2	3
2	450	2	2	0	0.05	0.8	465	1065	MDGA2	14
2	450	2	2	0	0.05	0.8	466	1066	NUF2	1
2	450	2	2	0	0.05	0.8	467	1067	KCNH5	14
2	450	2	2	0	0.05	0.8	468	1068	RFPL3S	22
2	450	2	2	0	0.05	0.8	469	1069	PCK1	20
2	450	2	2	0	0.05	0.8	470	1070	SYNJ2BP-COX16	14
2	450	2	2	0	0.05	0.8	471	1071	LDLRAD4	18
2	450	2	2	0	0.05	0.8	472	1072	METAP2	12
2	450	2	2	0	0.05	0.8	473	1073	ORM2	9
2	450	2	2	0	0.05	0.8	474	1074	TRIM68	11
2	450	2	2	0	0.05	0.8	475	1075	COMMD10	5
2	450	2	2	0	0.05	0.8	476	1076	PAX9	14
2	450	2	2	0	0.05	0.8	477	1077	HRH4	18
2	450	2	2	0	0.05	0.8	478	1078	TSNAX-DISC1	1
2	450	2	2	0	0.05	0.8	479	1079	SRPRA	11
2	450	2	2	0	0.05	0.8	480	1080	LPIN1	2
2	450	2	2	0	0.05	0.8	481	1081	AMBP	9
2	450	2	2	0	0.05	0.8	482	1082	GALNT18	11
2	450	2	2	0	0.05	0.8	483	1083	MAP1LC3B	16
2	450	2	2	0	0.05	0.8	484	1084	TST	22
2	450	2	2	0	0.05	0.8	485	1085	SHANK2	11
2	450	2	2	0	0.05	0.8	486	1086	RAD51B	14
2	450	2	2	0	0.05	0.8	487	1087	TTC13	1
2	450	2	2	0	0.05	0.8	488	1088	C8orf74	8
2	450	2	2	0	0.05	0.8	489	1089	KLF6	10
2	450	2	2	0	0.05	0.8	490	1090	MPP6	7
2	450	2	2	0	0.05	0.8	491	1091	TMEM132D	12
2	450	2	2	0	0.05	0.8	492	1092	PLCB4	20
2	450	2	2	0	0.05	0.8	493	1093	AUH	9
2	450	2	2	0	0.05	0.8	494	1094	SH3GL2	9
2	450	2	2	0	0.05	0.8	495	1095	SERPINA1	14
2	450	2	2	0	0.05	0.8	496	1096	PPP1R18	6
2	450	2	2	0	0.05	0.8	497	1097	TENM4	11
2	450	2	2	0	0.05	0.8	498	1098	ST6GALNAC3	1
2	450	2	2	0	0.05	0.8	499	1099	CES5A	16
2	450	2	2	0	0.05	0.8	500	1100	BNIP3L	8
3	900	2	2	0	0.05	0.8	1	1101	HMX2	10
3	900	2	2	0	0.05	0.8	2	1102	ITFG2	12
3	900	2	2	0	0.05	0.8	3	1103	ZBTB16	11
3	900	2	2	0	0.05	0.8	4	1104	SLC24A3	20
3	900	2	2	0	0.05	0.8	5	1105	CD33	19
3	900	2	2	0	0.05	0.8	6	1106	TRDMT1	10
3	900	2	2	0	0.05	0.8	7	1107	OR51B4	11
3	900	2	2	0	0.05	0.8	8	1108	INPP4B	4
3	900	2	2	0	0.05	0.8	9	1109	NT5DC3	12
3	900	2	2	0	0.05	0.8	10	1110	PREX1	20
3	900	2	2	0	0.05	0.8	11	1111	GPR75-ASB3	2
3	900	2	2	0	0.05	0.8	12	1112	C2orf61	2
3	900	2	2	0	0.05	0.8	13	1113	RAC2	22
3	900	2	2	0	0.05	0.8	14	1114	WDR4	21
3	900	2	2	0	0.05	0.8	15	1115	GALNT8	12
3	900	2	2	0	0.05	0.8	16	1116	KDM4C	9
3	900	2	2	0	0.05	0.8	17	1117	DNAH14	1
3	900	2	2	0	0.05	0.8	18	1118	DUSP16	12
3	900	2	2	0	0.05	0.8	19	1119	ASB13	10
3	900	2	2	0	0.05	0.8	20	1120	KRT86	12
3	900	2	2	0	0.05	0.8	21	1121	BACE2	21
3	900	2	2	0	0.05	0.8	22	1122	RAD51AP1	12
3	900	2	2	0	0.05	0.8	23	1123	LMO7	13
3	900	2	2	0	0.05	0.8	24	1124	GRM8	7
3	900	2	2	0	0.05	0.8	25	1125	SSC5D	19
3	900	2	2	0	0.05	0.8	26	1126	RP11-986E7.7	14
3	900	2	2	0	0.05	0.8	27	1127	SV2C	5
3	900	2	2	0	0.05	0.8	28	1128	SULT4A1	22
3	900	2	2	0	0.05	0.8	29	1129	ZFAND6	15
3	900	2	2	0	0.05	0.8	30	1130	CAGE1	6
3	900	2	2	0	0.05	0.8	31	1131	CDYL	6
3	900	2	2	0	0.05	0.8	32	1132	PRRC2C	1
3	900	2	2	0	0.05	0.8	33	1133	CCT5	5
3	900	2	2	0	0.05	0.8	34	1134	NCF4	22
3	900	2	2	0	0.05	0.8	35	1135	AC005477.1	14
3	900	2	2	0	0.05	0.8	36	1136	SORBS2	4
3	900	2	2	0	0.05	0.8	37	1137	NPVF	7
3	900	2	2	0	0.05	0.8	38	1138	C5orf49	5
3	900	2	2	0	0.05	0.8	39	1139	PHTF2	7
3	900	2	2	0	0.05	0.8	40	1140	USP47	11
3	900	2	2	0	0.05	0.8	41	1141	TMEM132B	12
3	900	2	2	0	0.05	0.8	42	1142	RP11-514O12.4	6
3	900	2	2	0	0.05	0.8	43	1143	KLHL33	14
3	900	2	2	0	0.05	0.8	44	1144	USPL1	13
3	900	2	2	0	0.05	0.8	45	1145	TATDN2	3
3	900	2	2	0	0.05	0.8	46	1146	OR56A3	11
3	900	2	2	0	0.05	0.8	47	1147	SCN3B	11
3	900	2	2	0	0.05	0.8	48	1148	ATG5	6
3	900	2	2	0	0.05	0.8	49	1149	LEKR1	3
3	900	2	2	0	0.05	0.8	50	1150	TOGARAM2	2
3	900	2	2	0	0.05	0.8	51	1151	GPLD1	6
3	900	2	2	0	0.05	0.8	52	1152	FGL1	8
3	900	2	2	0	0.05	0.8	53	1153	SUN3	7
3	900	2	2	0	0.05	0.8	54	1154	CTD-2010I16.2	11
3	900	2	2	0	0.05	0.8	55	1155	ZNF613	19
3	900	2	2	0	0.05	0.8	56	1156	ALPK2	18
3	900	2	2	0	0.05	0.8	57	1157	PCBD1	10
3	900	2	2	0	0.05	0.8	58	1158	HIST1H4C	6
3	900	2	2	0	0.05	0.8	59	1159	IL18RAP	2
3	900	2	2	0	0.05	0.8	60	1160	OR51T1	11
3	900	2	2	0	0.05	0.8	61	1161	PRKG1	10
3	900	2	2	0	0.05	0.8	62	1162	ZNF577	19
3	900	2	2	0	0.05	0.8	63	1163	IPO8	12
3	900	2	2	0	0.05	0.8	64	1164	NXT1	20
3	900	2	2	0	0.05	0.8	65	1165	GCOM1	15
3	900	2	2	0	0.05	0.8	66	1166	C18orf63	18
3	900	2	2	0	0.05	0.8	67	1167	SHISA9	16
3	900	2	2	0	0.05	0.8	68	1168	KIAA0930	22
3	900	2	2	0	0.05	0.8	69	1169	KIFC3	16
3	900	2	2	0	0.05	0.8	70	1170	AGPAT5	8
3	900	2	2	0	0.05	0.8	71	1171	RP11-717K11.2	4
3	900	2	2	0	0.05	0.8	72	1172	LPCAT2	16
3	900	2	2	0	0.05	0.8	73	1173	RELL1	4
3	900	2	2	0	0.05	0.8	74	1174	HTRA3	4
3	900	2	2	0	0.05	0.8	75	1175	AL139080.1	13
3	900	2	2	0	0.05	0.8	76	1176	CBLN3	14
3	900	2	2	0	0.05	0.8	77	1177	GCFC2	2
3	900	2	2	0	0.05	0.8	78	1178	PIM1	6
3	900	2	2	0	0.05	0.8	79	1179	SYNE1	6
3	900	2	2	0	0.05	0.8	80	1180	C18orf25	18
3	900	2	2	0	0.05	0.8	81	1181	AC055736.1	12
3	900	2	2	0	0.05	0.8	82	1182	DNAJC15	13
3	900	2	2	0	0.05	0.8	83	1183	AIFM2	10
3	900	2	2	0	0.05	0.8	84	1184	PTPRE	10
3	900	2	2	0	0.05	0.8	85	1185	RANBP17	5
3	900	2	2	0	0.05	0.8	86	1186	TXNDC5	6
3	900	2	2	0	0.05	0.8	87	1187	SGIP1	1
3	900	2	2	0	0.05	0.8	88	1188	GLIS3	9
3	900	2	2	0	0.05	0.8	89	1189	TBC1D5	3
3	900	2	2	0	0.05	0.8	90	1190	TMCC2	1
3	900	2	2	0	0.05	0.8	91	1191	RNASE9	14
3	900	2	2	0	0.05	0.8	92	1192	MBD1	18
3	900	2	2	0	0.05	0.8	93	1193	GRP	18
3	900	2	2	0	0.05	0.8	94	1194	ETAA1	2
3	900	2	2	0	0.05	0.8	95	1195	RELN	7
3	900	2	2	0	0.05	0.8	96	1196	CD44	11
3	900	2	2	0	0.05	0.8	97	1197	DCHS1	11
3	900	2	2	0	0.05	0.8	98	1198	NEU1	6
3	900	2	2	0	0.05	0.8	99	1199	TCF15	20
3	900	2	2	0	0.05	0.8	100	1200	PPM1H	12
3	900	2	2	0	0.05	0.8	101	1201	TRPA1	8
3	900	2	2	0	0.05	0.8	102	1202	NOL10	2
3	900	2	2	0	0.05	0.8	103	1203	TUB	11
3	900	2	2	0	0.05	0.8	104	1204	EID3	12
3	900	2	2	0	0.05	0.8	105	1205	CCDC129	7
3	900	2	2	0	0.05	0.8	106	1206	HSPA8	11
3	900	2	2	0	0.05	0.8	107	1207	KRT85	12
3	900	2	2	0	0.05	0.8	108	1208	STARD3NL	7
3	900	2	2	0	0.05	0.8	109	1209	SPDL1	5
3	900	2	2	0	0.05	0.8	110	1210	RNASE4	14
3	900	2	2	0	0.05	0.8	111	1211	LSM3	3
3	900	2	2	0	0.05	0.8	112	1212	HLA-DRB5	6
3	900	2	2	0	0.05	0.8	113	1213	ATXN1	6
3	900	2	2	0	0.05	0.8	114	1214	EIF4B	12
3	900	2	2	0	0.05	0.8	115	1215	NRXN1	2
3	900	2	2	0	0.05	0.8	116	1216	AL162389.1	9
3	900	2	2	0	0.05	0.8	117	1217	ADCY8	8
3	900	2	2	0	0.05	0.8	118	1218	SLC29A3	10
3	900	2	2	0	0.05	0.8	119	1219	NME7	1
3	900	2	2	0	0.05	0.8	120	1220	PRR15	7
3	900	2	2	0	0.05	0.8	121	1221	NXPE4	11
3	900	2	2	0	0.05	0.8	122	1222	ASB2	14
3	900	2	2	0	0.05	0.8	123	1223	PFDN6	6
3	900	2	2	0	0.05	0.8	124	1224	AC007377.1	2
3	900	2	2	0	0.05	0.8	125	1225	TNR	1
3	900	2	2	0	0.05	0.8	126	1226	KRT75	12
3	900	2	2	0	0.05	0.8	127	1227	DTD1	20
3	900	2	2	0	0.05	0.8	128	1228	SMCHD1	18
3	900	2	2	0	0.05	0.8	129	1229	RCAN2	6
3	900	2	2	0	0.05	0.8	130	1230	PKNOX2	11
3	900	2	2	0	0.05	0.8	131	1231	TUSC3	8
3	900	2	2	0	0.05	0.8	132	1232	ANGPT1	8
3	900	2	2	0	0.05	0.8	133	1233	KRT82	12
3	900	2	2	0	0.05	0.8	134	1234	RTN4	2
3	900	2	2	0	0.05	0.8	135	1235	EHMT2	6
3	900	2	2	0	0.05	0.8	136	1236	OR2AG2	11
3	900	2	2	0	0.05	0.8	137	1237	ZNF831	20
3	900	2	2	0	0.05	0.8	138	1238	HJURP	2
3	900	2	2	0	0.05	0.8	139	1239	KIAA1644	22
3	900	2	2	0	0.05	0.8	140	1240	OR56B1	11
3	900	2	2	0	0.05	0.8	141	1241	IPO9	1
3	900	2	2	0	0.05	0.8	142	1242	SUPT3H	6
3	900	2	2	0	0.05	0.8	143	1243	ASTN2	9
3	900	2	2	0	0.05	0.8	144	1244	KSR2	12
3	900	2	2	0	0.05	0.8	145	1245	PLXNC1	12
3	900	2	2	0	0.05	0.8	146	1246	ZNF354A	5
3	900	2	2	0	0.05	0.8	147	1247	TBC1D20	20
3	900	2	2	0	0.05	0.8	148	1248	PHLDB2	3
3	900	2	2	0	0.05	0.8	149	1249	ITPR3	6
3	900	2	2	0	0.05	0.8	150	1250	LCP2	5
3	900	2	2	0	0.05	0.8	151	1251	TNFRSF10D	8
3	900	2	2	0	0.05	0.8	152	1252	DMRT1	9
3	900	2	2	0	0.05	0.8	153	1253	CACNA2D1	7
3	900	2	2	0	0.05	0.8	154	1254	MATN1	1
3	900	2	2	0	0.05	0.8	155	1255	SLCO1B1	12
3	900	2	2	0	0.05	0.8	156	1256	MKI67	10
3	900	2	2	0	0.05	0.8	157	1257	SLC15A1	13
3	900	2	2	0	0.05	0.8	158	1258	PDE3A	12
3	900	2	2	0	0.05	0.8	159	1259	COL27A1	9
3	900	2	2	0	0.05	0.8	160	1260	DDAH2	6
3	900	2	2	0	0.05	0.8	161	1261	ABHD16A	6
3	900	2	2	0	0.05	0.8	162	1262	CAMK2D	4
3	900	2	2	0	0.05	0.8	163	1263	ATOX1	5
3	900	2	2	0	0.05	0.8	164	1264	ADAMTS16	5
3	900	2	2	0	0.05	0.8	165	1265	TMEM260	14
3	900	2	2	0	0.05	0.8	166	1266	PPP1R9A	7
3	900	2	2	0	0.05	0.8	167	1267	RCVRN	17
3	900	2	2	0	0.05	0.8	168	1268	RP11-295P9.13	10
3	900	2	2	0	0.05	0.8	169	1269	LRRFIP1	2
3	900	2	2	0	0.05	0.8	170	1270	AC008372.1	14
3	900	2	2	0	0.05	0.8	171	1271	SLC52A3	20
3	900	2	2	0	0.05	0.8	172	1272	TNFRSF19	13
3	900	2	2	0	0.05	0.8	173	1273	TMEM268	9
3	900	2	2	0	0.05	0.8	174	1274	CCDC91	12
3	900	2	2	0	0.05	0.8	175	1275	MEF2A	15
3	900	2	2	0	0.05	0.8	176	1276	ATP6V1B2	8
3	900	2	2	0	0.05	0.8	177	1277	RIOK1	6
3	900	2	2	0	0.05	0.8	178	1278	REG1A	2
3	900	2	2	0	0.05	0.8	179	1279	RP1L1	8
3	900	2	2	0	0.05	0.8	180	1280	NAT2	8
3	900	2	2	0	0.05	0.8	181	1281	STK38	6
3	900	2	2	0	0.05	0.8	182	1282	SACS	13
3	900	2	2	0	0.05	0.8	183	1283	ADGRL2	1
3	900	2	2	0	0.05	0.8	184	1284	HBD	11
3	900	2	2	0	0.05	0.8	185	1285	MDM1	12
3	900	2	2	0	0.05	0.8	186	1286	TXN	9
3	900	2	2	0	0.05	0.8	187	1287	SHISA6	17
3	900	2	2	0	0.05	0.8	188	1288	CCDC174	3
3	900	2	2	0	0.05	0.8	189	1289	CPLX4	18
3	900	2	2	0	0.05	0.8	190	1290	NPAS3	14
3	900	2	2	0	0.05	0.8	191	1291	QRSL1	6
3	900	2	2	0	0.05	0.8	192	1292	KCNMB2	3
3	900	2	2	0	0.05	0.8	193	1293	UGT1A8	2
3	900	2	2	0	0.05	0.8	194	1294	SERPINB3	18
3	900	2	2	0	0.05	0.8	195	1295	ACBD7	10
3	900	2	2	0	0.05	0.8	196	1296	TIAM2	6
3	900	2	2	0	0.05	0.8	197	1297	VAPA	18
3	900	2	2	0	0.05	0.8	198	1298	TTC33	5
3	900	2	2	0	0.05	0.8	199	1299	TYSND1	10
3	900	2	2	0	0.05	0.8	200	1300	CSMD1	8
3	900	2	2	0	0.05	0.8	201	1301	ADAMTS5	21
3	900	2	2	0	0.05	0.8	202	1302	C20orf85	20
3	900	2	2	0	0.05	0.8	203	1303	ZNF407	18
3	900	2	2	0	0.05	0.8	204	1304	PGM2	4
3	900	2	2	0	0.05	0.8	205	1305	HTR4	5
3	900	2	2	0	0.05	0.8	206	1306	SIGLEC12	19
3	900	2	2	0	0.05	0.8	207	1307	SMARCA2	9
3	900	2	2	0	0.05	0.8	208	1308	ZNF423	16
3	900	2	2	0	0.05	0.8	209	1309	BBS9	7
3	900	2	2	0	0.05	0.8	210	1310	AC005281.1	7
3	900	2	2	0	0.05	0.8	211	1311	EVC	4
3	900	2	2	0	0.05	0.8	212	1312	C1QTNF6	22
3	900	2	2	0	0.05	0.8	213	1313	OR52W1	11
3	900	2	2	0	0.05	0.8	214	1314	LRFN2	6
3	900	2	2	0	0.05	0.8	215	1315	RHOBTB2	8
3	900	2	2	0	0.05	0.8	216	1316	COL4A3	2
3	900	2	2	0	0.05	0.8	217	1317	NFYB	12
3	900	2	2	0	0.05	0.8	218	1318	FER1L6	8
3	900	2	2	0	0.05	0.8	219	1319	CD38	4
3	900	2	2	0	0.05	0.8	220	1320	FZD4	11
3	900	2	2	0	0.05	0.8	221	1321	SDCBP2	20
3	900	2	2	0	0.05	0.8	222	1322	PKNOX1	21
3	900	2	2	0	0.05	0.8	223	1323	STXBP4	17
3	900	2	2	0	0.05	0.8	224	1324	CNTNAP4	16
3	900	2	2	0	0.05	0.8	225	1325	ELF5	11
3	900	2	2	0	0.05	0.8	226	1326	CANT1	17
3	900	2	2	0	0.05	0.8	227	1327	MYH13	17
3	900	2	2	0	0.05	0.8	228	1328	SPTLC3	20
3	900	2	2	0	0.05	0.8	229	1329	CLVS1	8
3	900	2	2	0	0.05	0.8	230	1330	NTM	11
3	900	2	2	0	0.05	0.8	231	1331	PACRG	6
3	900	2	2	0	0.05	0.8	232	1332	CHST9	18
3	900	2	2	0	0.05	0.8	233	1333	COX4I1	16
3	900	2	2	0	0.05	0.8	234	1334	CST3	20
3	900	2	2	0	0.05	0.8	235	1335	MYO5B	18
3	900	2	2	0	0.05	0.8	236	1336	NEBL	10
3	900	2	2	0	0.05	0.8	237	1337	OR51V1	11
3	900	2	2	0	0.05	0.8	238	1338	KLF4	9
3	900	2	2	0	0.05	0.8	239	1339	MYT1L	2
3	900	2	2	0	0.05	0.8	240	1340	OR51B5	11
3	900	2	2	0	0.05	0.8	241	1341	FAT2	5
3	900	2	2	0	0.05	0.8	242	1342	EPHB1	3
3	900	2	2	0	0.05	0.8	243	1343	RUNX1	21
3	900	2	2	0	0.05	0.8	244	1344	UNC5CL	6
3	900	2	2	0	0.05	0.8	245	1345	FAM155A	13
3	900	2	2	0	0.05	0.8	246	1346	GLP1R	6
3	900	2	2	0	0.05	0.8	247	1347	CFB	6
3	900	2	2	0	0.05	0.8	248	1348	CIITA	16
3	900	2	2	0	0.05	0.8	249	1349	ACTL7A	9
3	900	2	2	0	0.05	0.8	250	1350	FTO	16
3	900	2	2	0	0.05	0.8	251	1351	ZWILCH	15
3	900	2	2	0	0.05	0.8	252	1352	MCTP2	15
3	900	2	2	0	0.05	0.8	253	1353	ANKS1B	12
3	900	2	2	0	0.05	0.8	254	1354	TACR1	2
3	900	2	2	0	0.05	0.8	255	1355	ZFAT	8
3	900	2	2	0	0.05	0.8	256	1356	CPSF2	14
3	900	2	2	0	0.05	0.8	257	1357	SASH1	6
3	900	2	2	0	0.05	0.8	258	1358	VPS13A	9
3	900	2	2	0	0.05	0.8	259	1359	TXNDC8	9
3	900	2	2	0	0.05	0.8	260	1360	CTCFL	20
3	900	2	2	0	0.05	0.8	261	1361	AGGF1	5
3	900	2	2	0	0.05	0.8	262	1362	MEGF11	15
3	900	2	2	0	0.05	0.8	263	1363	ETFB	19
3	900	2	2	0	0.05	0.8	264	1364	PIH1	16
3	900	2	2	0	0.05	0.8	265	1365	FAM92B	16
3	900	2	2	0	0.05	0.8	266	1366	HIST1H3A	6
3	900	2	2	0	0.05	0.8	267	1367	OSGEP	14
3	900	2	2	0	0.05	0.8	268	1368	SUV39H2	10
3	900	2	2	0	0.05	0.8	269	1369	SLC14A2	18
3	900	2	2	0	0.05	0.8	270	1370	F2R	5
3	900	2	2	0	0.05	0.8	271	1371	ABHD4	14
3	900	2	2	0	0.05	0.8	272	1372	STRN	2
3	900	2	2	0	0.05	0.8	273	1373	CUBN	10
3	900	2	2	0	0.05	0.8	274	1374	TEX36	10
3	900	2	2	0	0.05	0.8	275	1375	RPS18	6
3	900	2	2	0	0.05	0.8	276	1376	XXbac-BPG32J3.19	6
3	900	2	2	0	0.05	0.8	277	1377	CORO2A	9
3	900	2	2	0	0.05	0.8	278	1378	RRM2	2
3	900	2	2	0	0.05	0.8	279	1379	ZNF350	19
3	900	2	2	0	0.05	0.8	280	1380	PFKP	10
3	900	2	2	0	0.05	0.8	281	1381	KIF21B	1
3	900	2	2	0	0.05	0.8	282	1382	PPP2R2A	8
3	900	2	2	0	0.05	0.8	283	1383	SH2D4B	10
3	900	2	2	0	0.05	0.8	284	1384	KCTD17	22
3	900	2	2	0	0.05	0.8	285	1385	ARHGAP44	17
3	900	2	2	0	0.05	0.8	286	1386	CLDN23	8
3	900	2	2	0	0.05	0.8	287	1387	MOCS2	5
3	900	2	2	0	0.05	0.8	288	1388	HSD17B7	1
3	900	2	2	0	0.05	0.8	289	1389	AKR1C2	10
3	900	2	2	0	0.05	0.8	290	1390	PRNP	20
3	900	2	2	0	0.05	0.8	291	1391	OR8B8	11
3	900	2	2	0	0.05	0.8	292	1392	ANAPC4	4
3	900	2	2	0	0.05	0.8	293	1393	OR8B4	11
3	900	2	2	0	0.05	0.8	294	1394	ARL4A	7
3	900	2	2	0	0.05	0.8	295	1395	CCL7	17
3	900	2	2	0	0.05	0.8	296	1396	NMT2	10
3	900	2	2	0	0.05	0.8	297	1397	KRT4	12
3	900	2	2	0	0.05	0.8	298	1398	ARHGEF10L	1
3	900	2	2	0	0.05	0.8	299	1399	CCL13	17
3	900	2	2	0	0.05	0.8	300	1400	WHRN	9
3	900	2	2	0	0.05	0.8	301	1401	NKX2-1	14
3	900	2	2	0	0.05	0.8	302	1402	OXR1	8
3	900	2	2	0	0.05	0.8	303	1403	PPFIA4	1
3	900	2	2	0	0.05	0.8	304	1404	TMEM56	1
3	900	2	2	0	0.05	0.8	305	1405	CDH4	20
3	900	2	2	0	0.05	0.8	306	1406	UNC13C	15
3	900	2	2	0	0.05	0.8	307	1407	NAT1	8
3	900	2	2	0	0.05	0.8	308	1408	FKBP4	12
3	900	2	2	0	0.05	0.8	309	1409	CAMKMT	2
3	900	2	2	0	0.05	0.8	310	1410	CYP1B1	2
3	900	2	2	0	0.05	0.8	311	1411	SEPHS1	10
3	900	2	2	0	0.05	0.8	312	1412	ATXN7	3
3	900	2	2	0	0.05	0.8	313	1413	RIMS2	8
3	900	2	2	0	0.05	0.8	314	1414	NCALD	8
3	900	2	2	0	0.05	0.8	315	1415	HLA-E	6
3	900	2	2	0	0.05	0.8	316	1416	CHRM3	1
3	900	2	2	0	0.05	0.8	317	1417	WLS	1
3	900	2	2	0	0.05	0.8	318	1418	RNF214	11
3	900	2	2	0	0.05	0.8	319	1419	ERCC5	13
3	900	2	2	0	0.05	0.8	320	1420	C1orf106	1
3	900	2	2	0	0.05	0.8	321	1421	RIPK1	6
3	900	2	2	0	0.05	0.8	322	1422	RNASE3	14
3	900	2	2	0	0.05	0.8	323	1423	CCDC60	12
3	900	2	2	0	0.05	0.8	324	1424	GABRG3	15
3	900	2	2	0	0.05	0.8	325	1425	AOAH	7
3	900	2	2	0	0.05	0.8	326	1426	SSTR2	17
3	900	2	2	0	0.05	0.8	327	1427	SHB	9
3	900	2	2	0	0.05	0.8	328	1428	TADA2B	4
3	900	2	2	0	0.05	0.8	329	1429	SLC25A21	14
3	900	2	2	0	0.05	0.8	330	1430	TRIM9	14
3	900	2	2	0	0.05	0.8	331	1431	MT1HL1	1
3	900	2	2	0	0.05	0.8	332	1432	CACNB2	10
3	900	2	2	0	0.05	0.8	333	1433	ERBB4	2
3	900	2	2	0	0.05	0.8	334	1434	TTC7A	2
3	900	2	2	0	0.05	0.8	335	1435	NRG3	10
3	900	2	2	0	0.05	0.8	336	1436	ICE2	15
3	900	2	2	0	0.05	0.8	337	1437	PDZRN4	12
3	900	2	2	0	0.05	0.8	338	1438	BTBD11	12
3	900	2	2	0	0.05	0.8	339	1439	TSPAN18	11
3	900	2	2	0	0.05	0.8	340	1440	SELENOS	15
3	900	2	2	0	0.05	0.8	341	1441	ANO4	12
3	900	2	2	0	0.05	0.8	342	1442	WDR43	2
3	900	2	2	0	0.05	0.8	343	1443	LRRC7	1
3	900	2	2	0	0.05	0.8	344	1444	COL11A2	6
3	900	2	2	0	0.05	0.8	345	1445	OTOR	20
3	900	2	2	0	0.05	0.8	346	1446	TRIM26	6
3	900	2	2	0	0.05	0.8	347	1447	C5orf58	5
3	900	2	2	0	0.05	0.8	348	1448	NDRG1	8
3	900	2	2	0	0.05	0.8	349	1449	CCDC172	10
3	900	2	2	0	0.05	0.8	350	1450	TRNT1	3
3	900	2	2	0	0.05	0.8	351	1451	FBXO18	10
3	900	2	2	0	0.05	0.8	352	1452	RAPGEF5	7
3	900	2	2	0	0.05	0.8	353	1453	PMEPA1	20
3	900	2	2	0	0.05	0.8	354	1454	CRBN	3
3	900	2	2	0	0.05	0.8	355	1455	METTL21C	13
3	900	2	2	0	0.05	0.8	356	1456	CFAP54	12
3	900	2	2	0	0.05	0.8	357	1457	C1orf226	1
3	900	2	2	0	0.05	0.8	358	1458	CPNE4	3
3	900	2	2	0	0.05	0.8	359	1459	RYR3	15
3	900	2	2	0	0.05	0.8	360	1460	UCN3	10
3	900	2	2	0	0.05	0.8	361	1461	HEBP1	12
3	900	2	2	0	0.05	0.8	362	1462	STK35	20
3	900	2	2	0	0.05	0.8	363	1463	RIBC2	22
3	900	2	2	0	0.05	0.8	364	1464	EVC2	4
3	900	2	2	0	0.05	0.8	365	1465	TMEM71	8
3	900	2	2	0	0.05	0.8	366	1466	FSHR	2
3	900	2	2	0	0.05	0.8	367	1467	ARHGAP24	4
3	900	2	2	0	0.05	0.8	368	1468	RP11-404P21.8	14
3	900	2	2	0	0.05	0.8	369	1469	MEIS2	15
3	900	2	2	0	0.05	0.8	370	1470	HTRA1	10
3	900	2	2	0	0.05	0.8	371	1471	GLP2R	17
3	900	2	2	0	0.05	0.8	372	1472	KCNC4	1
3	900	2	2	0	0.05	0.8	373	1473	PRPF4B	6
3	900	2	2	0	0.05	0.8	374	1474	OR6S1	14
3	900	2	2	0	0.05	0.8	375	1475	HSBP1	16
3	900	2	2	0	0.05	0.8	376	1476	FAM135B	8
3	900	2	2	0	0.05	0.8	377	1477	SBSPON	8
3	900	2	2	0	0.05	0.8	378	1478	CAMTA1	1
3	900	2	2	0	0.05	0.8	379	1479	R3HCC1	8
3	900	2	2	0	0.05	0.8	380	1480	CA10	17
3	900	2	2	0	0.05	0.8	381	1481	ANLN	7
3	900	2	2	0	0.05	0.8	382	1482	OR51A4	11
3	900	2	2	0	0.05	0.8	383	1483	CCL11	17
3	900	2	2	0	0.05	0.8	384	1484	ACTN2	1
3	900	2	2	0	0.05	0.8	385	1485	SLX4IP	20
3	900	2	2	0	0.05	0.8	386	1486	RBM38	20
3	900	2	2	0	0.05	0.8	387	1487	SIGLECL1	19
3	900	2	2	0	0.05	0.8	388	1488	VHL	3
3	900	2	2	0	0.05	0.8	389	1489	HIST1H4E	6
3	900	2	2	0	0.05	0.8	390	1490	C2orf71	2
3	900	2	2	0	0.05	0.8	391	1491	CMA1	14
3	900	2	2	0	0.05	0.8	392	1492	GPC6	13
3	900	2	2	0	0.05	0.8	393	1493	C1orf94	1
3	900	2	2	0	0.05	0.8	394	1494	UNC5C	4
3	900	2	2	0	0.05	0.8	395	1495	CDKAL1	6
3	900	2	2	0	0.05	0.8	396	1496	ADCY2	5
3	900	2	2	0	0.05	0.8	397	1497	OR52N1	11
3	900	2	2	0	0.05	0.8	398	1498	DUSP27	1
3	900	2	2	0	0.05	0.8	399	1499	KRT78	12
3	900	2	2	0	0.05	0.8	400	1500	SNX25	4
3	900	2	2	0	0.05	0.8	401	1501	KLK13	19
3	900	2	2	0	0.05	0.8	402	1502	DNAH9	17
3	900	2	2	0	0.05	0.8	403	1503	ZNF385B	2
3	900	2	2	0	0.05	0.8	404	1504	ALDH1L2	12
3	900	2	2	0	0.05	0.8	405	1505	UMPS	3
3	900	2	2	0	0.05	0.8	406	1506	PMAIP1	18
3	900	2	2	0	0.05	0.8	407	1507	PDHX	11
3	900	2	2	0	0.05	0.8	408	1508	TEP1	14
3	900	2	2	0	0.05	0.8	409	1509	TRAPPC9	8
3	900	2	2	0	0.05	0.8	410	1510	TDG	12
3	900	2	2	0	0.05	0.8	411	1511	LY6G6E	6
3	900	2	2	0	0.05	0.8	412	1512	NR4A1	12
3	900	2	2	0	0.05	0.8	413	1513	SLC1A1	9
3	900	2	2	0	0.05	0.8	414	1514	FAM196A	10
3	900	2	2	0	0.05	0.8	415	1515	HIST1H2AB	6
3	900	2	2	0	0.05	0.8	416	1516	GMPR	6
3	900	2	2	0	0.05	0.8	417	1517	SLC2A13	12
3	900	2	2	0	0.05	0.8	418	1518	ADCYAP1R1	7
3	900	2	2	0	0.05	0.8	419	1519	HSPA1L	6
3	900	2	2	0	0.05	0.8	420	1520	GALR1	18
3	900	2	2	0	0.05	0.8	421	1521	PRED57	21
3	900	2	2	0	0.05	0.8	422	1522	PRR5-ARHGAP8	22
3	900	2	2	0	0.05	0.8	423	1523	PLEKHA1	10
3	900	2	2	0	0.05	0.8	424	1524	FAM89A	1
3	900	2	2	0	0.05	0.8	425	1525	VASH1	14
3	900	2	2	0	0.05	0.8	426	1526	CST8	20
3	900	2	2	0	0.05	0.8	427	1527	FH	1
3	900	2	2	0	0.05	0.8	428	1528	GPATCH2	1
3	900	2	2	0	0.05	0.8	429	1529	PDZD2	5
3	900	2	2	0	0.05	0.8	430	1530	VPS52	6
3	900	2	2	0	0.05	0.8	431	1531	ITIH5	10
3	900	2	2	0	0.05	0.8	432	1532	OR8B3	11
3	900	2	2	0	0.05	0.8	433	1533	SPP2	2
3	900	2	2	0	0.05	0.8	434	1534	CDH12	5
3	900	2	2	0	0.05	0.8	435	1535	MICALCL	11
3	900	2	2	0	0.05	0.8	436	1536	PDSS2	6
3	900	2	2	0	0.05	0.8	437	1537	TCF19	6
3	900	2	2	0	0.05	0.8	438	1538	MED10	5
3	900	2	2	0	0.05	0.8	439	1539	RP11-212D19.4	11
3	900	2	2	0	0.05	0.8	440	1540	NCK2	2
3	900	2	2	0	0.05	0.8	441	1541	AL161450.1	9
3	900	2	2	0	0.05	0.8	442	1542	CACNA1S	1
3	900	2	2	0	0.05	0.8	443	1543	ZBTB9	6
3	900	2	2	0	0.05	0.8	444	1544	NOP56	20
3	900	2	2	0	0.05	0.8	445	1545	STOX2	4
3	900	2	2	0	0.05	0.8	446	1546	ORC5	7
3	900	2	2	0	0.05	0.8	447	1547	ADARB2	10
3	900	2	2	0	0.05	0.8	448	1548	RBMS3	3
3	900	2	2	0	0.05	0.8	449	1549	RXRA	9
3	900	2	2	0	0.05	0.8	450	1550	DDR1	6
3	900	2	2	0	0.05	0.8	451	1551	ATXN7L1	7
3	900	2	2	0	0.05	0.8	452	1552	LRRK1	15
3	900	2	2	0	0.05	0.8	453	1553	OR56A1	11
3	900	2	2	0	0.05	0.8	454	1554	HMGN1	21
3	900	2	2	0	0.05	0.8	455	1555	LIM2	19
3	900	2	2	0	0.05	0.8	456	1556	RP11-545J16.1	12
3	900	2	2	0	0.05	0.8	457	1557	NLRP11	19
3	900	2	2	0	0.05	0.8	458	1558	ARHGAP25	2
3	900	2	2	0	0.05	0.8	459	1559	ARHGAP15	2
3	900	2	2	0	0.05	0.8	460	1560	MUSK	9
3	900	2	2	0	0.05	0.8	461	1561	PIP5K1B	9
3	900	2	2	0	0.05	0.8	462	1562	SORCS2	4
3	900	2	2	0	0.05	0.8	463	1563	FGFBP2	4
3	900	2	2	0	0.05	0.8	464	1564	SYN2	3
3	900	2	2	0	0.05	0.8	465	1565	MDGA2	14
3	900	2	2	0	0.05	0.8	466	1566	NUF2	1
3	900	2	2	0	0.05	0.8	467	1567	KCNH5	14
3	900	2	2	0	0.05	0.8	468	1568	RFPL3S	22
3	900	2	2	0	0.05	0.8	469	1569	PCK1	20
3	900	2	2	0	0.05	0.8	470	1570	SYNJ2BP-COX16	14
3	900	2	2	0	0.05	0.8	471	1571	LDLRAD4	18
3	900	2	2	0	0.05	0.8	472	1572	METAP2	12
3	900	2	2	0	0.05	0.8	473	1573	ORM2	9
3	900	2	2	0	0.05	0.8	474	1574	TRIM68	11
3	900	2	2	0	0.05	0.8	475	1575	COMMD10	5
3	900	2	2	0	0.05	0.8	476	1576	PAX9	14
3	900	2	2	0	0.05	0.8	477	1577	HRH4	18
3	900	2	2	0	0.05	0.8	478	1578	TSNAX-DISC1	1
3	900	2	2	0	0.05	0.8	479	1579	SRPRA	11
3	900	2	2	0	0.05	0.8	480	1580	LPIN1	2
3	900	2	2	0	0.05	0.8	481	1581	AMBP	9
3	900	2	2	0	0.05	0.8	482	1582	GALNT18	11
3	900	2	2	0	0.05	0.8	483	1583	MAP1LC3B	16
3	900	2	2	0	0.05	0.8	484	1584	TST	22
3	900	2	2	0	0.05	0.8	485	1585	SHANK2	11
3	900	2	2	0	0.05	0.8	486	1586	RAD51B	14
3	900	2	2	0	0.05	0.8	487	1587	TTC13	1
3	900	2	2	0	0.05	0.8	488	1588	C8orf74	8
3	900	2	2	0	0.05	0.8	489	1589	KLF6	10
3	900	2	2	0	0.05	0.8	490	1590	MPP6	7
3	900	2	2	0	0.05	0.8	491	1591	TMEM132D	12
3	900	2	2	0	0.05	0.8	492	1592	PLCB4	20
3	900	2	2	0	0.05	0.8	493	1593	AUH	9
3	900	2	2	0	0.05	0.8	494	1594	SH3GL2	9
3	900	2	2	0	0.05	0.8	495	1595	SERPINA1	14
3	900	2	2	0	0.05	0.8	496	1596	PPP1R18	6
3	900	2	2	0	0.05	0.8	497	1597	TENM4	11
3	900	2	2	0	0.05	0.8	498	1598	ST6GALNAC3	1
3	900	2	2	0	0.05	0.8	499	1599	CES5A	16
3	900	2	2	0	0.05	0.8	500	1600	BNIP3L	8
